-5.070919,7.445967,5.626374,-0.236829,0.058411,0.328162,84
-0.627281,0.469264,-0.11971,-0.210278,0.14231,0.420557,84
-1.01993,2.327164,17.348384,-0.073279,0.097705,0.412061,84
-5.272032,8.121132,5.664682,0.14231,0.143372,0.302673,84
2.044648,-3.969586,10.309433,-0.045667,0.186914,0.407813,84
1.776498,-3.031059,16.112978,-0.143372,0.167798,0.422681,84
-1.8579,1.982399,9.797073,-0.107263,0.045667,0.33241,84
-1.446098,1.49877,9.979033,-0.157178,0.03717,0.287805,84
-1.35033,1.757344,9.629479,0.036108,0.079651,0.232581,84
-1.249773,1.924938,9.179369,0.122131,0.104077,0.126379,84
-1.273715,1.82917,9.203311,0.192224,0.116821,0.03717,84
-1.201889,1.92015,8.872911,0.20072,0.109387,0.027612,84
-1.292869,1.781286,8.892065,-0.045667,0.141248,0.062659,84
-1.302446,1.671153,8.839393,-0.135937,0.130627,0.039294,84
-1.16837,1.575385,8.595184,-0.16886,0.162488,-0.02655,84
-0.445322,4.960786,8.355765,-0.187976,0.182666,0.039294,84
-0.967257,1.872266,6.454768,-0.474719,-0.164612,0.099829,84
-0.909797,4.43885,6.095638,-0.276123,0.388696,0.68606,84
-1.968034,2.049437,3.20823,-1.165027,0.596851,1.070508,84
-2.901772,2.082955,2.882619,-1.624878,1.270166,1.853211,84
-5.57849,1.431733,2.422932,-2.18031,2.368286,2.435193,84
-9.284714,0.430956,2.662352,-2.248279,2.975757,3.050098,84
-15.284584,-3.615245,2.633622,-2.730432,3.582166,3.24126,84
-18.416198,-4.43885,3.404555,-3.303918,4.14928,3.551367,84
-17.338808,-6.05733,3.385401,-2.582812,4.300086,3.482337,84
-14.355634,-6.694188,4.692636,-1.202197,3.480213,2.252527,84
-11.87524,-2.738967,1.776498,-0.614905,2.452185,0.948377,84
-12.004527,0.181959,1.197101,-0.361084,1.376367,0.139124,84
-11.769896,-1.40779,3.002329,-0.576672,1.279724,-0.063721,84
-11.784261,0.435745,4.185065,1.316895,1.535669,0.062659,84
-10.443508,-2.580949,6.967127,-0.899524,0.508704,0.069031,84
-10.481815,0.995988,5.530606,1.023779,-0.273999,-0.247449,84
-12.320562,1.537078,6.617574,0.70199,-0.253821,0.19541,84
-14.69561,-1.398214,9.763555,-1.481506,-1.359375,-0.082837,84
-17.281348,3.41892,11.042058,0.204968,-2.344922,-0.071155,84
-19.76653,2.154782,9.672575,-1.046082,-3.297546,-0.260193,84
-19.661184,-0.114922,6.823475,-1.554785,-4.135474,-0.477905,84
-18.191144,-0.225055,5.027824,-1.032275,-4.442395,-0.768896,85
-15.346833,-0.459687,2.403779,-0.863416,-4.615503,-0.979175,85
-9.639056,-0.804452,1.067814,-0.793323,-4.361682,-0.864478,85
-6.483498,-1.355118,0.670377,-0.19541,-3.3995,-0.609595,85
-1.910573,-0.440533,0.383072,0.318604,-2.968323,-0.505518,85
-0.325611,0.086191,0.339977,-0.097705,-2.200488,-0.552246,85
1.144428,0.344765,-0.531513,-0.156116,-1.500623,-0.328162,85
1.431733,0.09098,-1.441309,-0.360022,-0.516138,0.00531,85
-0.531513,1.235408,-3.44765,0.012744,0.555432,0.269751,85
-1.335964,1.23062,-3.055001,-0.199658,1.740637,0.615967,85
-5.81791,1.201889,-1.383848,0.045667,2.952393,0.875098,85
-11.707646,0.45011,5.147534,1.12467,4.015466,1.192639,85
-14.829685,1.158794,7.762002,2.608301,4.267164,1.356189,85
-16.098612,1.039084,6.311116,1.269104,4.003784,0.314355,85
-17.750612,2.260126,6.995857,-0.156116,3.720227,0.092395,85
-17.161638,0.651223,9.634268,0.553308,3.838111,0.245325,85
-15.552734,1.493982,10.022128,0.991919,3.38888,0.284619,85
-14.987702,1.68073,9.5385,-0.269751,2.527588,-0.112573,85
-12.109872,0.42138,9.294291,-0.664819,1.987024,-0.077527,85
-11.247959,0.474052,9.715671,0.735974,1.07157,0.130627,85
-11.961432,0.354342,9.313444,0.182666,-0.177356,0.162488,85
-14.532804,0.397437,10.122684,-0.502332,-1.11936,-0.053101,85
-17.401058,2.149993,10.869676,-0.228333,-2.057117,-0.292053,85
-18.033126,1.810017,9.313444,-0.714734,-3.341089,-0.561804,85
-18.148048,0.301669,6.588843,-0.750842,-3.920947,-0.706238,85
-14.987702,-0.933739,6.517017,-1.540979,-4.250171,-1.214941,85
-12.564771,-0.181959,4.323929,-1.025903,-4.169458,-1.385925,85
-9.490616,0.23942,2.226608,-0.466223,-4.334069,-1.43584,85
-3.509899,-0.641646,0.047884,-0.52251,-3.937939,-1.136352,85
-0.421379,-0.306458,-0.78051,0.247449,-2.902478,-0.718982,85
1.94888,-0.014365,-1.604115,0.17417,-2.091101,-0.498083,85
2.221819,0.11971,-1.757344,-0.050977,-0.836865,-0.159302,85
1.853112,-0.363919,-1.795651,0.046729,0.159302,0.267627,85
-0.148441,-0.071826,-1.039083,-0.003186,1.63656,0.55968,85
-2.571372,-1.235408,1.034295,0.135938,2.400147,0.784827,85
-5.190629,-1.881842,2.595315,0.5172,3.418616,0.830493,85
-10.295067,-0.6608,4.788404,0.842175,3.967676,0.820935,85
-11.84651,0.23942,6.679823,1.321143,3.712793,0.937756,85
-14.369999,-0.727837,7.671023,0.904834,4.009094,0.880408,85
-15.528792,2.145205,7.809886,1.026965,3.732971,0.597913,85
-16.778566,1.58975,5.401319,0.075403,3.569422,0.3271,85
-15.811308,-0.909797,9.744401,-0.558618,3.295422,0.510828,85
-13.996503,0.914585,8.111555,0.788013,3.188159,0.535254,85
-14.350845,0.225055,9.021352,0.19541,2.179248,-0.141248,85
-11.587936,3.825935,11.84651,0.990857,1.66311,0.088147,85
-12.29662,0.593762,10.998962,-0.640393,0.557556,0.127441,85
-14.891934,-1.824382,9.337387,-0.550122,-0.687122,-0.063721,85
-16.783354,-0.679953,11.760319,0.061597,-2.036938,-0.271875,85
-20.69069,1.61848,10.553641,0.070093,-2.845129,-0.553308,85
-20.863074,1.934515,8.461109,-0.17948,-4.019714,-0.772082,86
-19.82878,1.024718,5.76045,-0.776331,-4.860828,-0.958997,86
-15.988479,-0.703895,3.169923,-1.009973,-4.910742,-1.099182,86
-12.41633,-1.053449,0.919373,-0.314355,-4.70365,-1.009973,86
-6.550535,-0.933739,-0.402226,-0.079651,-4.396728,-0.906958,86
-3.1795,-0.445322,-0.876278,0.437549,-3.520569,-0.709424,86
-0.799663,-0.02873,-1.522712,-0.151868,-2.154822,-0.202844,86
1.383849,-0.684742,-2.719813,-0.170984,-1.357251,-0.165674,86
1.972822,-0.143652,-2.671929,-0.110449,-0.437549,-0.078589,86
0.397437,-0.593762,-2.092532,-0.134875,1.366809,0.17948,86
-3.586514,0.162806,-0.919373,0.310107,2.3651,0.409937,86
-6.469133,0.124498,0.02873,-0.557556,3.467468,0.615967,86
-11.774684,0.837971,1.302446,-0.104077,3.737219,0.591541,86
-15.787366,-0.191536,4.443639,0.471533,4.373365,1.019531,86
-19.929334,0.014365,6.603208,0.887842,4.554969,1.477258,86
-19.752164,-1.714248,10.050858,-0.16886,3.900769,1.107678,86
-17.24304,-0.727837,11.602302,-0.002124,3.406934,0.824121,86
-15.562311,-1.80044,15.212758,-0.35896,2.992749,0.33241,86
-15.322891,4.352659,25.718516,-0.470471,0.69668,0.39613,86
-14.662091,-5.626374,10.43872,-2.49679,-0.038232,0.463037,86
-15.112201,1.25935,10.912771,-0.255945,-2.542456,-0.407812,86
-17.741036,0.995988,8.619126,0.035046,-2.963013,-0.720044,86
-17.81765,-0.134075,8.049306,-0.576672,-3.606592,-1.006787,86
-17.147272,0.004788,6.038177,-0.388696,-3.9698,-1.128918,86
-15.08347,0.588974,5.439626,-0.175232,-4.171582,-0.937756,86
-13.053187,-0.421379,4.539407,-0.553308,-4.035644,-0.930322,87
-9.14585,-0.574608,3.940856,-0.826245,-3.95918,-1.054578,87
-6.761225,-1.532289,2.743755,-0.414185,-3.60022,-1.110864,87
-3.193865,-0.263362,1.010353,0.52251,-3.391003,-0.955811,87
-0.493206,-0.181959,-0.71826,0.388696,-2.663525,-0.619153,87
2.327164,0.536301,-1.752556,0.226209,-1.600452,-0.278247,87
2.240973,0.306458,-2.935291,-0.092395,-0.346216,-0.196472,87
0.316035,0.373495,-1.781286,-0.075403,0.840051,0.040356,87
-0.90022,-0.354342,-1.513135,0.105139,2.20155,0.366394,87
-6.732495,0.244209,1.086968,0.550122,3.231702,0.509766,87
-9.821015,-0.191536,4.247314,0.597913,4.132288,0.588355,87
-14.221559,0.320823,4.707001,0.583045,4.387171,0.835803,87
-15.260642,-1.82917,7.374141,-0.246387,4.026086,0.790137,87
-15.318103,1.35033,7.134722,0.871912,3.979358,0.698804,87
-17.72667,0.067038,9.600749,0.821997,3.971924,0.304797,87
-15.303738,1.742979,12.057199,0.986609,3.465344,0.453479,87
-15.002068,0.158017,12.363658,-0.874036,3.103198,0.277185,87
-13.129802,-1.340753,14.796166,-0.87616,2.057117,0.175232,87
-13.235147,1.015142,13.838486,0.187976,-0.040356,-0.160364,87
-14.609419,0.469264,12.612655,-0.080713,-1.339197,-0.094519,87
-17.410634,-0.004788,12.813767,-0.395068,-2.306689,-0.230457,87
-19.148824,1.331176,10.55843,0.083899,-3.268872,-0.418433,87
-19.349938,0.550666,8.896853,-0.097705,-4.427527,-0.579858,87
-17.089812,0.248997,5.985504,0.039294,-4.648425,-0.497021,87
-14.188039,-0.153229,4.113238,-0.3271,-4.59851,-0.451355,87
-9.409213,-1.321599,1.082179,-0.544812,-4.38186,-0.520386,87
-5.951985,-1.35033,0.220267,-0.109387,-3.863598,-0.615967,87
-3.035848,-1.283292,-1.063026,0.33241,-3.314539,-0.642517,87
1.321599,1.963245,-3.371036,0.710486,-2.741052,-0.35365,87
2.571373,0.143652,-2.006341,-0.764648,0.075403,-0.03186,87
0.349553,1.005565,-1.747767,0.328162,1.726831,0.177356,87
-2.37026,0.952892,0.411803,0.218774,2.179248,0.31648,87
-5.353435,1.04866,3.615245,0.71261,3.248694,0.365332,87
-9.054871,1.000776,6.631939,0.627649,3.693677,0.404626,87
-13.187263,-0.493206,4.218584,0.349402,3.891211,0.284619,87
-14.642938,-3.466804,6.497864,-0.961121,3.576856,0.183728,87
-13.417107,2.533065,8.671799,1.326453,3.633142,0.276123,87
-16.687586,0.948104,6.459556,1.157593,3.876343,-0.086023,87
-15.514427,3.347094,10.936713,1.358313,2.87699,0.048853,87
-13.986926,2.082955,7.809886,0.528882,3.021423,0.141248,87
-11.880029,0.579397,8.633492,-0.679687,1.978528,-0.643579,87
-10.639832,5.568913,13.244724,0.236829,1.4677,-0.648889,87
-10.960655,6.133945,11.631032,0.68606,0.759338,-0.164612,87
-13.230358,-0.411803,10.232818,-1.573901,-0.3802,0.288867,87
-15.289372,1.446098,12.301409,-0.319666,-1.528235,0.50658,87
-17.913418,2.140417,11.702858,-0.877222,-2.430945,0.097705,87
-19.40261,2.379837,9.773131,-1.111926,-3.595972,-0.383386,87
-18.579004,1.896208,7.805098,-0.70199,-4.590015,-0.546936,87
-16.280571,-0.071826,5.137957,-1.056702,-4.706836,-0.597913,87
-13.053187,-0.766144,2.873042,-0.912268,-4.570898,-0.699866,87
-8.121132,-1.431733,1.273715,-0.560742,-4.356372,-0.742346,87
-4.673482,-1.527501,0.861913,0.780579,-3.665002,-0.590479,87
-0.043096,0.162806,0.325611,1.10343,-3.177539,-0.38551,87
1.474828,-0.574608,0.311246,0.101953,-2.02207,-0.172046,87
2.695871,-0.02873,-1.163582,0.03717,-1.447522,-0.071155,87
3.102886,-0.47884,-2.1883,-0.098767,-0.429053,-0.002124,87
1.211466,0.191536,-2.063802,0.138062,0.447107,-0.004248,87
0.282516,-0.373495,-1.120486,-0.167798,2.069861,0.192224,87
-4.989516,-0.545878,0.205901,0.086023,3.137183,0.251697,87
-7.833828,-2.135628,2.925715,0.14231,3.903955,0.180542,87
-12.923901,1.484405,6.258444,1.417786,4.267164,0.233643,87
-14.298173,2.494758,6.871359,0.955811,4.198133,0.027612,87
-15.844827,3.184288,7.891289,0.587293,3.940064,-0.220898,87
-16.778566,2.197877,8.422802,0.596851,3.81156,-0.32179,87
-16.548721,5.027824,8.18817,1.551599,3.297547,-0.129565,87
-15.44739,1.316811,10.103531,-0.046729,3.049036,-0.368518,87
-12.3876,2.925715,12.061988,0.432239,2.598743,-0.189038,87
-11.329363,4.563349,14.887146,-0.917578,1.77887,-0.379138,87
-14.116213,3.878607,13.484144,-1.058826,1.200073,-0.457727,87
-15.227123,-0.306458,12.559982,-2.629541,-1.218127,0.241077,87
-18.875886,-1.728614,9.562442,-2.15907,-2.32262,-0.048853,87
-19.244592,0.497994,8.992621,-0.304797,-3.680933,-0.957935,87
-18.83279,0.411803,6.588843,-0.167798,-4.240613,-0.948376,87
-16.52478,-0.110133,5.214572,-0.464099,-4.588952,-0.910144,87
-12.603078,-1.04866,3.98874,-0.451355,-4.483814,-0.904834,87
-9.629479,-0.545878,3.055001,-0.099829,-4.148218,-0.875098,87
-7.230489,-1.283292,2.212242,-0.21134,-3.770141,-0.840051,88
-2.260126,-0.770933,2.193089,-0.007434,-3.606592,-0.805005,88
-0.555455,-0.502782,1.211466,0.091333,-2.875928,-0.793323,88
1.924938,1.000776,-1.68073,0.100891,-2.477673,-0.491711,88
2.8491,0.263362,-2.647987,-0.74447,-1.61001,-0.129565,88
4.070143,-0.584185,-3.035848,-0.874036,-0.811377,-0.246387,88
1.934515,-0.905008,-2.346318,-0.116821,1.564343,0.166736,88
-0.646434,-0.636858,0.220267,0.537378,2.3651,0.366394,88
-5.511452,-0.766144,1.316811,0.997229,4.047327,0.475781,88
-9.217676,-0.794875,3.801993,1.290344,3.868909,0.560742,88
-12.239159,0.651223,5.482722,1.431592,4.259729,0.155054,88
-15.394717,-0.134075,7.177817,1.058826,4.562402,0.189038,88
-16.476896,1.742979,9.193734,0.600037,4.424341,-0.027612,88
-15.916653,1.288081,9.662998,-0.151868,4.275659,0.149744,88
-17.24783,2.806004,5.626374,0.661633,3.462158,-0.126379,88
-16.859968,0.656011,9.270349,0.552246,3.178601,-0.198596,88
-14.33648,3.548207,7.024588,1.27229,2.521216,0.097705,88
-12.904747,-0.699107,7.972692,-0.491711,1.633374,-0.334534,88
-11.343728,1.671153,8.959103,0.006372,1.06095,-0.186914,88
-12.220005,0.363919,7.881712,-0.566052,0.569238,-0.275061,88
-12.47858,0.459687,8.2169,-0.261255,-1.093872,-0.122131,88
-15.844827,2.082955,11.434708,-0.151868,-1.532483,-0.185852,88
-17.908628,2.810793,11.085154,-0.133813,-2.519092,0.121069,88
-19.2829,0.861913,9.141062,-0.58623,-3.542871,-0.041418,88
-19.057846,0.100556,7.441179,-0.516138,-4.55072,-0.203906,88
-17.391482,-0.770933,5.497087,-0.679687,-4.831091,-0.334534,90
-12.406754,-1.61848,3.682282,-0.73916,-4.89375,-0.463037,90
-9.548077,-1.642422,2.140417,-0.236829,-4.385046,-0.566052,90
-5.166687,-1.527501,2.082955,-0.02655,-3.823242,-0.519324,90
-2.37026,-1.431733,1.35033,0.36958,-3.156299,-0.388696,90
0.675165,-0.727837,0.708684,0.406751,-2.7453,-0.273999,90
2.116475,-0.043096,0.09098,0.209216,-2.193054,-0.228333,90
3.500323,0.632069,-1.130063,-0.219836,-1.354065,0.023364,90
3.016694,0.201113,-1.762132,-0.601099,-0.04248,0.121069,90
1.096544,-0.584185,-1.273715,-0.592603,1.003601,0.21665,90
-2.078167,-0.349553,-1.216254,-0.350464,2.623169,0.472595,90
-6.17704,-2.853888,6.306328,-0.660571,2.999121,0.108325,90
-5.166687,-0.71826,6.92882,0.657385,2.666712,0.186914,90
-8.939949,-1.010353,8.336611,0.245325,3.606592,0.301611,90
-11.449073,-0.153229,10.199299,0.404626,3.805188,0.583045,90
-13.737929,-1.776498,10.702082,-0.041418,4.076001,0.879346,90
-14.058752,1.177947,8.801085,0.771021,3.689429,0.799695,90
-14.365211,-1.493982,10.673351,-0.425867,3.587476,0.793323,90
-13.613431,-0.440533,11.903971,0.436487,2.630603,0.523572,90
-11.013328,0.493206,11.942278,0.208154,2.019946,0.062659,90
-10.563218,-0.023942,10.606314,0.125317,1.177771,-0.002124,90
-9.466674,-0.402226,11.305421,-0.347278,0.590479,-0.084961,90
-10.232818,0.656011,12.473791,0.262317,-0.352588,0.046729,90
-12.559982,1.446098,15.773001,0.227271,-0.986609,0.096643,90
-15.251065,1.934515,15.998055,0.289929,-2.225977,0.052039,90
-16.615759,1.685518,15.08347,-0.129565,-3.371887,0.024426,91
-17.865534,0.833182,11.056423,-0.262317,-4.14397,-0.203906,91
-16.606182,-0.181959,8.690952,-0.630835,-4.695153,-0.417371,91
-12.65575,-0.895431,6.421249,-0.573486,-4.75675,-0.547998,91
-9.801862,-1.211466,4.213795,-0.246387,-4.218311,-0.419495,91
-5.592855,-1.838747,2.135628,-0.133813,-3.808374,-0.436487,91
-2.767697,-0.866701,0.866701,0.603223,-3.117004,-0.331348,91
1.369483,0.387861,-0.933739,0.693494,-2.77185,-0.113635,91
2.992752,0.143652,-1.604115,-0.422681,-1.666296,-0.058411,91
3.514688,-0.435745,-2.193089,-0.729602,-0.695618,0.029736,91
3.687071,0.21069,-1.872266,-0.169922,0.166736,0.069031,91
2.011129,-0.373495,0.579397,-0.423743,1.120422,0.228333,91
-0.09098,-0.497994,0.943315,0.153992,2.479797,0.470471,91
-3.155558,-0.995988,2.264915,0.276123,3.191345,0.523572,91
-6.938396,0.301669,5.449203,0.399316,3.829615,0.581982,91
-10.591949,0.043096,4.505888,0.657385,4.129102,0.781641,91
-12.306197,-0.751779,5.501876,-0.194348,4.109985,0.781641,91
-14.609419,0.177171,7.469909,0.252759,4.346814,0.665881,91
-17.927782,-1.345541,1.757344,0.767835,4.246985,-0.024426,91
-20.207062,-0.335188,6.603208,0.312231,3.652259,-0.370642,91
-16.97489,5.123592,12.684481,1.834094,3.427112,-0.232581,91
-15.097836,0.871489,10.941502,0.258069,3.492957,0.02655,91
-13.038822,2.140417,16.280571,0.149744,1.920117,-0.465161,91
-10.773908,-0.47884,13.072341,-0.067969,0.631897,-0.121069,91
-12.871228,1.383849,8.78672,0.012744,-0.999353,-0.088147,91
-14.54717,-1.292869,9.725247,-0.806067,-1.820288,0.197534,91
-16.711529,-0.6608,10.46745,-0.255945,-2.33324,0.263379,91
-18.387468,-0.555455,10.103531,-0.306921,-3.122314,-0.204968,91
-18.50718,1.01993,8.844181,-0.03717,-3.902893,-0.377014,91
-18.009186,0.622492,7.651869,-0.189038,-4.311767,-0.40675,91
-14.681245,0.301669,4.774039,-0.246387,-4.494434,-0.368518,91
-11.60709,-0.790087,3.126828,-0.395068,-4.411597,-0.415247,91
-6.038176,-0.694318,-0.713472,-0.21134,-4.134412,-0.423743,91
-1.853112,-0.459687,-1.312023,0.074341,-3.743591,-0.537378,91
1.776498,-0.052672,-0.579397,0.499146,-2.809021,-0.312231,91
2.221819,0.071826,-0.995988,0.039294,-1.324329,0.03717,91
3.275268,-0.833182,0.105345,-0.349402,-0.768896,-0.029736,91
3.050213,-0.71826,0.110133,-0.229395,0.244263,-0.04248,91
1.915361,-0.301669,2.657564,0.106201,0.887842,-0.083899,91
0.23942,0.636858,4.539407,0.875098,2.16438,0.01062,91
-1.900996,1.206678,5.300763,0.809253,2.308814,0.189038,91
-3.490746,1.68073,5.238514,-0.210278,2.48617,0.420557,91
-6.478709,-0.464475,6.21056,-0.938818,2.848316,0.38551,91
-8.12592,-0.416591,6.253655,0.088147,3.135059,0.520386,91
-10.175357,-0.114922,7.800309,0.247449,3.299671,0.625525,91
-12.531252,0.086191,6.871359,-0.016992,3.243384,0.465161,91
-13.910312,-1.915361,5.406108,-0.662695,2.977881,0.145496,91
-12.899959,-0.02873,6.986281,0.365332,2.448999,-0.111511,91
-13.220781,0.68953,6.497864,0.653137,2.89292,-0.063721,91
-14.877569,-0.847547,7.910443,0.39613,2.748486,0.302673,91
-12.871228,-1.49877,8.226477,0.32179,2.411829,0.388696,91
-12.670115,-1.029507,9.514558,0.209216,1.833032,0.118945,91
-11.463438,1.216255,13.053187,0.652075,1.141663,-0.027612,91
-12.449849,1.80044,12.315774,0.183728,-0.257007,-0.124255,91
-14.106636,0.80924,12.129025,0.00531,-1.23512,0.070093,91
-16.448166,-0.292093,11.975797,-0.785889,-2.323681,0.062659,91
-19.067422,-0.368707,11.559206,-0.432239,-3.026733,-0.286743,92
-20.135236,1.082179,9.883265,-0.038232,-4.060071,-0.423743,92
-19.800048,0.885855,8.432379,-0.185852,-4.792859,-0.368518,92
-14.42746,-1.474828,2.413355,-0.39082,-4.927734,-0.398254,92
-10.237606,-1.508347,0.885855,0.133813,-4.633557,-0.508704,92
-6.971915,-1.537077,-0.134075,0.387634,-4.113171,-0.58092,92
-3.624821,-0.421379,-1.264138,0.577734,-3.65332,-0.550122,92
1.455675,0.536301,-1.264138,0.161426,-3.027795,-0.438611,92
2.116475,0.742203,-1.335964,-0.275061,-1.606824,-0.253821,92
2.169147,0.02873,-2.987964,-0.855981,-0.105139,0.039294,92
1.877054,-1.23062,-2.264915,-0.850671,0.783765,0.257007,92
-0.641646,-0.612916,-0.914585,0.328162,1.646118,0.17417,92
-2.60968,-0.387861,0.952892,1.355127,3.094702,0.081775,92
-7.872135,2.858677,3.122039,1.554785,4.029273,0.145496,92
-11.990162,-1.005565,3.605668,0.241077,4.660108,0.169922,92
-14.432248,-0.272939,5.348647,1.068384,4.402039,0.476843,92
-15.538369,3.725378,9.346964,1.841528,3.901831,-0.634021,92
-17.176002,4.271256,3.672706,2.030567,3.481274,-1.097058,92
-16.347609,4.611233,6.6894,0.919702,2.689014,-1.156531,92
-14.800955,4.400543,8.274361,0.203906,3.161609,-0.985547,92
-15.049952,4.525041,9.356541,0.518262,2.493604,-0.920764,93
-12.660539,6.287174,12.694057,-0.15293,1.682227,-0.620215,93
-13.148955,5.046977,10.898406,-0.589416,0.925012,-0.435425,93
-12.962208,2.408567,7.987057,-1.465576,-0.789075,-0.047791,93
-13.445837,1.570596,7.809886,-1.410352,-1.579211,0.070093,93
-15.667656,1.431733,7.005434,-0.793323,-2.069861,0.052039,93
-15.758636,1.479617,6.995857,-1.138477,-2.772913,0.047791,93
-15.610195,-0.052672,7.086837,-2.284387,-3.464282,-0.606409,93
-15.064317,-0.656011,8.288726,-1.509119,-3.668188,-0.931384,93
-13.967772,0.502782,8.978256,0.056287,-3.880591,-0.834741,93
-11.113884,-2.226607,6.191406,-0.725354,-3.762707,-0.576672,93
-8.470686,-2.389413,3.859453,0.232581,-4.040954,-0.260193,93
-4.295198,-3.08852,1.790863,0.335596,-3.708545,-0.215588,93
-1.934515,-2.020706,1.177947,0.883594,-3.157361,-0.251697,93
0.876278,-1.216254,0.282516,0.731726,-2.652905,-0.245325,93
2.312799,-1.398214,-0.59855,0.408875,-2.053931,-0.062659,93
2.70066,-0.727837,-1.398214,0.547998,-1.185205,0.125317,93
3.356671,-0.976834,-2.499546,-0.524634,-0.146558,-0.110449,93
0.962469,-1.958457,0.723049,-0.180542,0.891028,-0.268689,93
-0.56982,-1.125275,1.570596,0.288867,2.592371,-0.58092,93
-3.318364,1.623269,3.303998,0.442859,3.017176,-0.442859,93
-5.832275,0.368707,3.878607,-0.610657,3.366577,-0.225146,93
-10.496181,-1.058237,5.066131,-0.859167,4.085559,0.230457,93
-14.302961,-0.545878,6.11958,0.056287,4.588953,0.668005,93
-17.894264,0.694319,9.682152,0.410999,4.918176,0.937756,93
-16.261417,2.102109,8.78672,0.544812,4.30221,0.72323,93
-16.323668,1.206678,7.508217,-0.001062,3.576856,0.372766,93
-15.629349,0.153229,7.661446,-0.266565,3.019299,-0.006372,93
-13.790602,0.172383,9.136273,-0.252759,2.390589,0.002124,93
-12.708423,0.636858,11.870452,-0.045667,1.917993,-0.090271,93
-13.038822,3.236961,11.999739,-0.066907,0.814563,-0.233643,93
-14.42746,2.379837,11.760319,-0.352588,-0.40144,0.020178,93
-15.897499,1.82917,11.382035,-0.521448,-1.690723,0.436487,93
-20.140024,0.368707,11.492168,-1.002539,-2.224914,0.304797,93
-22.366632,-0.641646,11.69807,-0.287805,-3.582165,0.192224,93
-21.677104,2.413355,6.21056,1.07688,-4.611255,0.231519,93
-18.550274,-0.186748,2.748544,-1.358313,-5.399267,-0.261255,93
-12.066776,-0.703895,-1.436521,-1.303088,-5.25802,-0.621277,93
-7.728483,-0.536301,-2.327164,-0.785889,-4.745068,-0.546936,93
-1.546654,-1.091756,-1.628057,-0.124255,-4.183264,-0.442859,93
0.54109,0.35913,-1.240196,0.54906,-2.585998,0.014868,93
1.900996,-0.742202,-2.801216,-0.349402,-1.723645,-0.097705,93
4.505888,-0.138864,-2.461239,-1.378491,-1.375305,-0.606409,93
2.240973,-0.512359,-1.355118,-1.111926,0.288867,-0.357898,93
0.890643,-0.100556,-1.297657,0.387634,1.848962,0.041418,93
-3.193865,0.565032,1.182736,1.070508,2.995935,0.18479,93
-6.354211,-0.416591,3.787627,0.742346,3.815808,0.137,93
-11.27669,2.547431,5.741296,2.026318,3.891211,-0.020178,93
-13.393165,2.63841,3.371036,1.492127,3.897583,-0.40144,93
-15.74427,0.196325,4.400543,-0.35365,3.860413,-0.306921,93
-16.97968,1.077391,10.098742,0.764648,4.164148,-0.105139,93
-17.697938,3.653552,9.193734,1.991272,4.342566,-0.59154,93
-17.745822,4.381389,10.505757,1.716211,3.192407,-0.615967,93
-13.723564,3.725378,10.931925,0.592603,2.531836,-0.562866,93
-12.512098,2.944868,11.113884,-1.116174,1.777808,-0.55968,93
-11.549629,2.825158,11.386824,-0.829431,0.917578,-0.409937,93
-12.363658,2.715025,12.229582,-0.009558,-0.40675,-0.328162,93
-16.634912,3.236961,12.876017,-0.483215,-1.264856,-0.272937,93
-19.517532,2.537854,12.162544,-1.11936,-2.856811,0.02124,93
-20.38902,1.106121,10.563218,-1.581335,-3.565173,-0.060535,94
-20.135236,0.560243,6.56969,-1.008911,-4.258667,-0.281433,94
-17.377116,0.114922,4.563349,-0.537378,-4.964905,-0.214526,94
-12.603078,-2.470816,1.70946,-1.137415,-4.635681,-0.137,94
-9.126697,-2.585738,0.938527,0.046729,-4.066443,-0.029736,94
-4.548983,-1.163582,0.612916,0.817749,-3.673499,0.035046,94
-1.781286,-0.842759,0.80924,0.328162,-3.021423,-0.166736,94
1.04866,-0.550666,0.703895,0.218774,-2.508472,-0.224084,94
2.197877,-0.474052,-0.603339,-0.747656,-1.927551,-0.491711,94
2.868254,-0.665588,-1.781286,-1.176709,-1.360437,-0.542688,94
3.428497,0.134075,-1.843535,-0.354712,0.212402,-0.237891,94
0.110133,0.574608,-1.216254,0.320728,1.470886,-0.006372,94
-2.173935,-0.177171,-1.728614,0.55437,2.675208,0.170984,94
-7.541735,-0.866701,-1.422156,0.091333,3.430298,0.212402,94
-12.492945,-0.761356,0.976834,1.453894,4.092993,-0.220898,94
-17.870322,2.427721,5.779603,1.874451,4.765247,-0.059473,94
-20.30762,4.146757,8.298303,1.687537,5.122083,-0.032922,94
-21.183898,3.045425,9.859323,0.722168,4.935169,-0.070093,94
-18.914194,2.786851,11.789049,-0.55437,4.203443,-0.063721,94
-16.429012,2.844312,10.812215,-1.306274,3.606592,-0.293115,94
-12.832921,-0.632069,13.441049,-2.802649,2.300318,-0.157178,94
-13.800179,0.469264,16.457743,-0.690308,1.84259,-0.155054,94
-11.568783,-0.723049,14.068329,-1.510181,-0.505518,-0.141248,94
-13.613431,0.445322,14.997279,-0.078589,-1.059888,-0.113635,94
-18.128894,-1.058237,12.880805,-0.492773,-2.580688,-0.214526,94
-21.040246,0.167594,11.511322,-0.590479,-3.64801,-0.627649,94
-21.41374,1.489194,9.078813,-0.619153,-4.480627,-1.009973,94
-18.751388,0.454898,4.841076,-0.782703,-4.957471,-0.951562,94
-15.337256,-1.608903,2.284068,-0.831555,-4.785424,-0.722168,94
-11.300632,-1.493982,0.684742,-0.027612,-4.499744,-0.885718,95
-6.478709,-0.746991,0.727837,0.818811,-4.096179,-1.039709,95
-2.782062,0.727837,0.153229,1.118298,-3.556677,-0.751904,95
0.129287,0.052672,-1.331176,0.998291,-3.091516,-0.606409,95
1.963245,0.129287,-2.82037,0.459851,-2.024194,-0.172046,95
3.96001,-0.766144,-3.720589,-0.013806,-1.238306,-0.109387,95
2.72939,-1.369483,-3.323152,0.082837,0.772083,-0.03186,95
-0.732626,-0.636858,-2.801216,0.520386,2.015698,-0.089209,95
-3.892972,-1.072602,-2.513912,0.454541,3.335779,-0.186914,95
-12.243947,-1.522712,0.713472,0.740222,4.343628,-0.301611,95
-15.490485,2.140417,4.903325,3.004431,4.953223,-0.853857,95
-18.626888,5.750873,7.805098,2.477673,5.012696,-1.033337,95
-19.235016,3.169923,9.303867,-0.706238,4.168396,-1.364685,95
-18.689138,6.277597,11.219229,0.688184,4.047327,-0.831555,95
-17.118542,3.145981,11.626244,-0.287805,3.471717,-0.844299,95
-13.28782,4.118027,9.619903,0.032922,2.610425,-0.773145,95
-12.41633,0.167594,10.31901,-1.125732,1.548413,-0.846423,95
-10.97502,4.429273,9.940725,0.91864,0.668005,-0.446045,95
-10.85531,0.914585,7.656657,-0.461975,-0.40144,-0.218774,95
-12.239159,-1.73819,5.837064,-0.34303,-0.737036,-0.108325,95
-12.622231,-1.896208,5.592855,0.166736,-1.694971,-0.443921,95
-12.947843,-3.399766,5.032612,0.025488,-2.134643,-0.76571,95
-13.110648,-3.351882,5.621586,0.151868,-2.455371,-1.630188,95
-13.536817,-6.052541,6.26802,0.737036,-2.369348,-2.160132,95
-13.551182,-7.924807,5.78918,2.14845,-2.308813,-2.716626,95
-12.325351,-6.636727,5.951986,3.479151,-2.717688,-2.546704,95
-9.160215,-3.921702,4.687847,3.946436,-2.905664,-2.307751,95
-6.813898,-1.900996,3.667917,4.064319,-2.902478,-1.861707,95
-3.830723,0.129287,2.887407,3.555615,-2.768664,-1.540979,95
-2.681506,0.713472,3.145981,1.930737,-2.145264,-1.354065,95
-1.656788,1.56102,4.932056,1.475134,-1.683289,-1.379553,95
-1.446098,2.614468,5.31034,1.40929,-1.106616,-1.07688,95
-0.550666,4.424485,5.674258,1.159717,-1.000415,-0.776331,95
-0.737414,2.94008,6.397307,0.36958,-0.544812,-0.503394,95
-0.646434,5.066131,7.532159,0.682874,-0.310107,-0.314355,95
-0.948104,4.213795,7.991845,-0.052039,0.069031,-0.157178,95
-0.378284,4.185065,8.485051,0.177356,-0.106201,-0.160364,95
-0.306458,4.103662,8.303091,0.233643,-0.020178,0.001062,95
-0.316035,4.031836,8.389283,0.176294,0.001062,-0.055225,95
-0.612916,4.1707,8.221689,0.248511,0.064783,-0.01062,95
-0.550666,4.118027,8.207323,0.18479,0.049915,-0.053101,95
-0.56982,4.477157,8.394072,0.066907,0.060535,-0.061597,95
-0.545878,4.228161,8.18817,0.122131,-0.002124,-0.028674,95
-0.464475,4.515465,8.346188,0.153992,-0.070093,0.053101,95
-0.584185,4.065354,8.408437,-0.043542,-0.047791,0.02655,95
-0.545878,4.280833,8.279149,0.081775,-0.060535,0.001062,95
-0.507571,4.156334,8.317456,0.148682,-0.134875,0.009558,95
-0.416591,4.352659,8.025364,0.078589,-0.077527,0.0,95
-0.282516,4.352659,8.111555,0.112573,-0.049915,-0.001062,95
-0.23942,4.539407,8.130709,0.094519,-0.046729,-0.023364,95
-0.440533,4.367024,8.09719,-0.03717,0.001062,-0.022302,95
-0.287304,4.577714,8.049306,0.032922,-0.018054,-0.077527,95
-0.517148,4.491523,8.034941,0.112573,-0.028674,-0.064783,95
-0.354342,4.716578,8.101979,0.22196,-0.025488,-0.151868,95
-0.565032,4.611233,8.063671,-0.028674,0.123193,0.007434,95
-0.608127,4.64954,7.905654,0.073279,0.074341,0.097705,95
-1.508347,7.216124,6.359,0.111511,0.118945,0.027612,95
-1.039083,4.074931,8.293515,-0.110449,0.243201,0.087085,95
-0.938527,4.343082,8.695741,0.004248,0.082837,0.127441,95
-0.35913,4.908114,8.274361,0.018054,-0.067969,-0.164612,95
-0.603339,4.793192,8.394072,0.009558,-0.059473,-0.081775,95
-0.521936,4.64954,8.087613,0.097705,-0.072217,-0.081775,95
-0.751779,4.395755,8.259996,0.063721,0.009558,0.027612,95
-0.790087,4.448427,7.991845,-0.036108,0.038232,0.001062,95
-0.550666,4.74052,8.130709,-0.006372,-0.02655,-0.053101,95
-0.517148,4.644751,8.054095,-0.074341,0.01593,-0.032922,95
-0.679953,4.678271,8.073248,-0.060535,0.063721,-0.027612,95
-0.732626,4.639963,8.212112,-0.014868,0.069031,-0.023364,95
-0.804452,4.376601,8.183381,-0.183728,0.126379,0.023364,95
-0.325611,4.314352,7.97748,-0.186914,0.090271,-0.024426,95
-0.957681,4.587291,8.355765,0.01062,0.094519,0.091333,95
-0.866701,4.29041,8.360553,-0.107263,0.006372,-0.02655,95
-0.665588,4.103662,8.499416,-0.110449,-0.014868,-0.02655,95
-0.785298,4.491523,8.255207,-0.016992,-0.008496,0.01062,95
-0.746991,4.003105,8.37013,-0.079651,0.024426,-0.004248,95
-0.751779,4.146757,8.063671,-0.064783,0.018054,-0.01062,95
-0.71826,4.156334,8.149863,-0.049915,0.025488,-0.013806,95
-0.842759,3.926491,8.418014,-0.099829,0.038232,-0.020178,95
-0.828394,4.103662,8.279149,-0.064783,0.073279,0.01062,95
-0.823605,3.983952,8.379707,-0.011682,0.043542,0.01593,95
-0.737414,4.113238,8.374918,0.043542,0.041418,0.024426,95
-0.895431,4.007894,8.446744,0.020178,0.048853,0.046729,95
-1.010353,3.854665,8.413225,-0.055225,0.091333,0.041418,95
-0.943315,3.969586,8.552089,0.019116,0.03717,0.04248,95
-0.818817,4.10845,8.485051,0.04248,0.00531,0.075403,95
-0.766144,4.113238,8.317456,0.016992,0.007434,0.072217,95
-0.847547,4.007894,8.413225,0.012744,0.02124,0.076465,95
-0.914585,3.945645,8.403648,-0.009558,0.047791,0.049915,96
-1.01993,4.103662,8.350976,0.003186,0.048853,0.016992,96
-0.92895,4.060566,8.336611,0.00531,0.04248,0.018054,96
-0.78051,4.343082,9.054871,0.149744,-0.078589,0.003186,96
-1.182736,3.782839,8.777143,-0.066907,0.078589,0.100891,96
-0.967257,3.849877,8.331822,-0.053101,-0.032922,0.022302,96
-1.010353,3.926491,8.437167,-0.073279,-0.073279,-0.036108,96
-0.914585,3.902549,8.418014,-0.046729,-0.029736,0.003186,96
-0.794875,3.825935,8.360553,0.019116,0.011682,0.084961,96
-0.6608,3.902549,8.336611,0.022302,0.024426,0.067969,96
-1.101333,3.993528,8.896853,-0.03717,0.059473,0.025488,96
-0.837971,4.022259,8.599973,-0.025488,-0.025488,-0.054163,96
-0.919373,3.892972,8.504205,-0.023364,0.023364,0.01062,96
-0.857124,3.830723,8.576031,-0.01593,0.012744,0.002124,96
-0.842759,3.864242,8.499416,0.02124,0.0,0.002124,96
-0.948104,3.859453,8.690952,0.030798,0.0,0.001062,96
-0.756568,3.859453,8.451532,0.059473,-0.02124,-0.007434,96
-0.814029,3.964798,8.350976,0.036108,-0.003186,-0.001062,96
-1.000776,3.8403,8.432379,0.008496,0.019116,-0.033984,96
-0.842759,3.902549,8.51857,0.013806,0.007434,-0.025488,96
-0.890643,3.921703,8.63828,0.012744,-0.001062,-0.02655,96
-0.90022,3.974375,8.604761,-0.020178,0.006372,-0.004248,96
-0.857124,3.926491,8.499416,-0.006372,-0.020178,0.004248,96
-0.890643,3.811569,8.475474,-0.055225,0.016992,0.020178,96
-0.914585,3.72059,8.590396,-0.025488,0.007434,0.02655,96
-0.914585,3.801993,8.504205,0.020178,0.027612,0.035046,96
-0.881066,3.878607,8.422802,0.02655,0.036108,0.02655,96
0.339977,3.457227,7.307104,0.038232,0.041418,0.014868,96
-0.852336,3.610456,8.791509,-0.15824,0.076465,-0.003186,96
-0.804452,3.854665,8.60955,-0.014868,0.032922,-0.002124,96
-0.890643,3.744532,8.714894,-0.065845,-0.009558,-0.047791,96
-0.785298,3.816358,8.633492,-0.047791,-0.019116,-0.03186,96
-0.785298,3.615245,8.595184,-0.002124,0.011682,0.01593,96
-0.814029,3.610456,8.561666,0.041418,0.024426,0.027612,96
-0.919373,3.763685,8.633492,-0.011682,0.045667,0.002124,96
-0.871489,3.711013,8.719683,-0.001062,0.022302,0.01062,96
-0.828394,3.682282,8.576031,-0.023364,0.01062,0.009558,96
-0.866701,3.624822,8.523358,-0.004248,0.01593,0.013806,96
-0.866701,3.792416,8.580819,0.024426,0.028674,0.02655,96
-1.000776,3.734955,8.695741,0.036108,0.055225,0.038232,96
-0.976834,3.648764,8.537724,0.032922,0.072217,0.056287,96
-0.972046,3.74932,8.537724,0.014868,0.04248,0.028674,96
-0.957681,3.806781,8.599973,0.007434,0.029736,0.025488,96
-0.895431,3.682282,8.619126,0.007434,0.01593,0.028674,96
-1.024718,3.768474,8.5473,0.033984,0.038232,0.058411,96
-1.005565,3.682282,8.60955,0.01062,0.044604,0.050977,96
-0.876278,3.586514,8.504205,-0.022302,0.02655,0.014868,96
-1.015141,3.830723,8.504205,-0.001062,0.018054,0.03186,96
-2.087744,4.299987,9.227253,-0.02655,0.016992,0.122131,96
-1.302446,3.294422,8.643068,-0.189038,-0.072217,-0.103015,96
-0.603339,3.907337,8.556877,0.18479,-0.106201,0.033984,96
-0.847547,3.734955,8.374918,0.092395,0.024426,0.078589,96
1.053449,3.428497,7.910443,0.402502,0.070093,-0.019116,96
-1.656788,2.959233,8.992621,-0.347278,-0.01593,-0.067969,96
