0.010880,-0.540955,-0.825882,0.025653,0.001892,0.061368
0.039963,-0.543259,-0.844086,0.012903,0.010081,0.010880
0.040909,-0.552994,-0.836761,0.003156,0.023838,0.001140
0.045334,-0.536880,-0.845978,0.008639,0.003606,0.001153
0.044830,-0.545181,-0.841110,0.082471,-0.007722,-0.007309
0.044922,-0.563232,-0.841110,-0.010906,-0.018830,0.016802
0.043869,-0.537872,-0.845505,-0.005380,-0.034847,0.007197
0.055557,-0.544144,-0.838547,0.051928,-0.046044,0.043419
0.047287,-0.551498,-0.839615,0.015173,-0.064457,0.032042
0.038742,-0.552505,-0.818756,0.073577,-0.022472,0.038513
0.040863,-0.560318,-0.828964,0.008540,-0.010134,0.025717
0.041748,-0.555420,-0.823593,0.029135,0.015527,0.014376
0.037537,-0.558380,-0.839249,0.087574,0.025576,0.031435
0.038498,-0.570572,-0.831924,0.085288,0.005456,0.062360
0.038467,-0.576416,-0.826569,0.015910,-0.009885,0.064374
0.034470,-0.562302,-0.824646,0.026750,0.004015,0.058183
0.035141,-0.593994,-0.826599,0.016171,0.009021,0.008788
0.022980,-0.608704,-0.825272,0.011001,0.028966,-0.045814
0.022781,-0.606277,-0.852097,0.123728,0.052050,-0.046012
0.029175,-0.627213,-0.844711,0.187396,0.012305,0.030879
0.025146,-0.622360,-0.837448,0.079714,-0.049750,0.117720
0.030685,-0.600357,-0.818359,0.051344,-0.101883,0.174858
0.011230,-0.577042,-0.797119,0.025410,-0.110637,0.162625
0.004715,-0.571701,-0.785492,0.072255,-0.077575,0.108926
-0.002258,-0.575623,-0.770950,0.010511,-0.023768,0.067443
-0.013840,-0.554245,-0.795441,0.138689,0.032132,0.003395
0.002060,-0.587326,-0.802582,0.109468,0.022325,-0.002474
-0.011139,-0.580093,-0.805176,0.062060,0.017496,-0.054652
-0.002853,-0.580536,-0.802155,0.033127,-0.012782,-0.100198
-0.004898,-0.571762,-0.798279,0.050618,-0.033014,-0.113904
0.008865,-0.579971,-0.802505,0.089479,-0.050691,-0.072654
0.015747,-0.593109,-0.799026,-0.030089,-0.068187,-0.016884
0.021439,-0.573074,-0.793594,-0.144220,-0.051628,0.018766
0.022446,-0.569656,-0.796509,-0.114999,-0.021608,0.014010
0.013702,-0.587265,-0.794174,-0.147200,0.014051,-0.063455
0.019104,-0.589188,-0.795578,-0.124243,0.040612,-0.109006
0.003525,-0.575134,-0.807938,-0.056897,0.061136,-0.137791
0.004639,-0.595123,-0.809875,0.022032,0.058646,-0.093688
0.014526,-0.582397,-0.825363,-0.005457,0.064143,-0.030964
0.040115,-0.585205,-0.837265,-0.031023,0.035841,0.092675
0.041046,-0.575928,-0.837753,-0.032150,0.005025,0.116088
0.044388,-0.585663,-0.826981,-0.037313,-0.010135,0.078483
0.040848,-0.566162,-0.825562,-0.087970,-0.004351,0.019870
0.038864,-0.571045,-0.821198,0.033676,0.029198,-0.028312
0.038361,-0.571533,-0.819244,0.063042,0.055888,-0.056632
0.045822,-0.583694,-0.824051,0.016117,0.051616,-0.003898
0.041275,-0.569565,-0.817749,0.048422,0.042450,0.041554
0.029007,-0.570618,-0.813995,0.013532,0.054111,0.067786
0.028427,-0.559875,-0.811554,-0.016901,0.058243,0.076937
0.030960,-0.553040,-0.822739,-0.016768,0.050675,0.057643
0.031082,-0.572556,-0.823227,0.022350,0.037011,0.051808
0.038406,-0.555939,-0.829971,-0.042511,0.008775,0.029232
0.034531,-0.568146,-0.827576,-0.009894,-0.000677,0.020097
0.044449,-0.580292,-0.834289,0.014037,0.001528,0.006582
0.064529,-0.604568,-0.825790,0.071859,0.022838,-0.064105
0.081726,-0.626923,-0.821228,0.182409,0.062931,-0.071770
0.093918,-0.670258,-0.798187,0.056710,0.082214,0.088939
0.090622,-0.641968,-0.780670,-0.114590,0.119349,0.248967
0.093796,-0.608780,-0.773804,-0.010442,0.180514,0.401838
0.071121,-0.643051,-0.785751,0.052434,0.231908,0.570048
0.123093,-0.653488,-0.748627,-0.189846,0.228642,0.835798
0.180740,-0.740982,-0.744598,-0.438340,0.227126,1.239532
0.055435,-0.838745,-0.777206,-1.492040,0.292441,1.689163
0.031219,-0.913040,-0.805283,-4.066517,0.139237,2.291735
0.046112,-0.461838,-0.990738,-5.967442,-0.504348,2.572758
-0.061935,-0.012680,-1.031784,-6.135740,-1.400604,2.503438
-0.268539,0.453094,-0.973465,-5.757912,-2.137679,2.057281
-0.414413,0.767090,-0.768280,-5.642938,-2.542919,1.126381
-0.446426,0.918243,-0.605743,-5.828221,-2.578970,0.164116
-0.483780,1.134262,-0.434006,-3.999061,-2.259801,-0.675926
-0.492142,0.758667,-0.298676,-2.773701,-1.899085,-0.829970
-0.506226,0.771896,-0.101379,-2.158709,-1.168061,-0.649038
-0.513351,0.795273,-0.087311,-1.133152,-0.634015,-0.470670
-0.509445,0.720169,-0.094604,-0.271794,-0.230339,-0.148853
-0.482819,0.678818,-0.136246,-0.285430,-0.224532,-0.043084
-0.474335,0.742279,-0.138580,-0.684197,-0.324122,0.137308
-0.420471,0.761185,-0.024384,-0.738706,-0.212508,0.128272
-0.427505,0.853378,0.034531,-0.563426,0.044216,0.067900
-0.453903,0.918533,-0.082245,0.060297,0.200064,-0.220972
-0.384277,0.777924,-0.074692,-0.188955,0.141006,-0.414753
-0.511780,0.760147,-0.122894,-0.519167,0.218188,-0.366367
-0.346329,0.639938,-0.291260,-0.725129,-0.061898,-0.048619
-0.527924,0.933365,0.094879,0.211455,0.114514,-0.437175
-0.410385,0.881622,-0.191956,0.679629,0.415430,-0.341638
-0.543198,0.826309,-0.143204,2.393146,0.154886,-0.950293
-0.403336,0.407486,-0.203217,0.575699,0.005248,-0.540787
-0.401337,0.529953,-0.178299,-0.437691,-0.100413,-0.603866
-0.476089,0.663742,-0.119110,-0.927482,-0.142123,-0.467567
-0.469223,0.883377,-0.009781,0.029502,-0.482344,-0.550541
-0.554474,0.452225,0.073975,-0.433912,-0.476416,-0.309798
-0.607284,0.688461,-0.036209,-1.375456,-0.603295,-0.028180
-0.682678,0.727112,-0.004364,-0.483965,-0.692565,0.021452
-0.631775,0.729843,0.033722,-0.625714,-0.959705,0.293206
-0.771149,0.640320,0.029724,-0.888831,-0.859779,0.735620
-0.748886,0.898026,0.059784,-0.672853,-1.031926,0.608996
-0.774658,0.893570,0.175522,0.227901,-0.957008,1.040468
-0.696137,0.787628,0.159790,0.802092,-0.519121,1.302037
-0.678391,0.864883,0.281387,0.867712,-0.390588,1.329293
-0.518875,0.667190,0.282120,-0.126229,0.205629,1.863270
-0.499878,0.894089,0.226318,0.299159,0.261159,1.792330
-0.311279,0.591705,0.298019,0.000838,0.310146,2.728503
-0.054398,0.931122,0.260956,1.116152,0.132505,2.753644
0.027878,1.340561,-0.194809,-0.265318,-0.085553,2.631640
-0.256287,1.339798,0.232040,1.918293,0.075456,1.529220
-0.242401,1.273300,-0.137344,0.252109,-0.123529,1.305204
-0.201447,1.193512,-0.131546,1.169732,-0.017813,0.475065
-0.182358,1.391586,-0.266815,0.941995,-0.262522,-0.161144
-0.292007,1.279221,-0.377747,2.005674,-0.395852,-1.183535
-0.254639,1.323715,-0.543076,1.740583,-1.024201,-1.916010
-0.205276,1.209290,-0.614227,2.619543,-1.652939,-2.620053
-0.229401,1.024307,-0.557999,2.497106,-2.146073,-2.953623
-0.280457,0.874329,-0.471329,2.471418,-2.513443,-3.012169
-0.320938,0.665359,-0.426987,1.953238,-2.721083,-2.756010
-0.473206,0.576828,-0.288284,2.148339,-2.633771,-2.400311
-0.435028,0.375610,-0.197235,1.926029,-2.359911,-1.787441
-0.532211,0.411667,-0.226563,1.572950,-1.795817,-1.406827
-0.608200,0.378128,-0.153793,1.357987,-1.196266,-0.730516
-0.739868,0.288605,-0.230347,1.101482,-0.661420,-0.343076
-0.930298,0.288055,-0.258759,1.087383,-0.177668,-0.215167
-0.988907,0.198410,-0.351578,0.783754,-0.121040,-0.253121
-1.071030,0.171097,-0.428055,1.507475,-0.238224,-0.248097
-1.035690,0.100967,-0.534439,1.995428,-0.514868,-0.276453
-1.022980,0.065033,-0.389526,2.209824,-0.775916,-0.269639
-1.054596,0.079941,-0.454712,2.072418,-0.599418,-0.420013
-1.043610,0.044907,-0.416077,2.109015,-0.612701,-0.554333
-1.140427,0.086838,-0.394714,2.040298,-0.430802,-0.770993
-1.193970,0.020660,-0.471359,1.723141,-0.318476,-0.747948
-1.253769,0.061905,-0.308685,1.483257,-0.402575,-1.049779
-1.247040,0.135529,-0.418289,1.297652,-0.948036,-1.120196
-1.314346,-0.016907,-0.236740,1.392272,-1.148738,-1.061599
-1.249252,0.093704,-0.205765,1.195687,-1.443108,-1.239351
-1.180145,-0.006882,-0.171890,0.999761,-1.205517,-0.859537
-1.068649,-0.134430,0.058426,1.074255,-1.288717,-0.946402
-0.970154,-0.025269,-0.177872,-0.253422,-0.838260,-0.770623
-0.960739,-0.194244,0.230713,0.616639,-0.763163,-0.472386
-0.791962,-0.055572,-0.220779,-0.351407,-0.637671,-0.239480
-0.904739,-0.350449,0.367294,1.115208,-0.477178,0.196262
-0.787827,-0.097916,-0.092041,0.172720,-0.399964,0.346980
-0.869720,-0.447769,0.471985,1.049776,-0.069989,0.426869
-0.760376,-0.041611,0.004303,0.362556,0.032935,0.304646
-0.759338,-0.468277,0.281113,0.643346,0.389865,0.518270
-0.802795,-0.123230,0.115951,0.578471,0.689317,0.137278
-0.833038,-0.379395,0.269592,0.489957,0.823350,0.373962
-0.761047,-0.039139,0.061340,0.420449,0.785925,0.030150
-0.896652,-0.306183,0.109985,0.428462,0.793963,0.332167
-0.840973,-0.206421,0.029221,0.371169,0.735936,0.519395
-0.772614,-0.330368,0.139130,-0.079626,0.509421,0.760531
-0.763519,-0.311844,0.062698,-0.676437,0.194708,0.217541
-0.745544,-0.269745,0.138962,-0.551426,-0.115127,-0.431316
-0.769119,-0.185547,0.023178,-0.387649,-0.584026,-0.948481
-0.888611,-0.268127,0.031601,-0.125808,-0.591377,-1.025555
-1.029526,-0.422531,0.065109,0.143179,-0.386740,-0.754900
-0.971985,-0.444183,0.047699,0.052260,-0.211019,-0.498828
-0.880005,-0.494873,0.110611,0.023248,-0.094574,-0.226982
-0.890701,-0.603195,0.155808,-0.060693,-0.053272,0.016916
-0.729477,-0.521896,0.091293,-0.040305,-0.034929,0.235685
-0.861237,-0.529404,0.111298,0.057780,0.081037,0.472157
-0.799606,-0.448181,-0.011337,0.330129,0.101642,0.629775
-0.862289,-0.335312,0.028458,0.622208,0.176427,0.722631
-0.824951,-0.308807,-0.040833,0.770534,0.053178,0.642180
-0.853088,-0.211334,0.063690,0.841569,0.210470,0.655720
-0.741364,-0.059570,-0.025207,0.859066,0.041451,0.338525
-0.775742,-0.021194,0.011948,1.101868,0.107999,0.138322
-0.791183,0.018204,-0.024277,1.281835,0.185802,-0.079999
-0.858032,-0.014313,0.020309,1.376976,0.303653,-0.088696
-1.048065,-0.047012,0.057205,0.646542,0.467855,-0.272408
-1.025009,-0.057129,0.056488,0.243121,0.641826,0.010635
-1.025269,-0.070358,-0.042465,-0.269781,0.431288,-0.086368
-1.037506,-0.102127,-0.027496,0.056632,0.394937,0.129727
-1.041336,-0.072922,-0.089935,-0.495841,0.394059,0.395741
-0.953537,-0.020309,-0.178665,0.086896,0.310118,0.191985
-0.795242,0.105896,-0.179321,0.061128,0.223567,0.191235
-0.982071,-0.141403,-0.108322,0.111517,0.009681,0.025339
-0.946091,0.078308,-0.106888,-0.106052,0.164268,0.059815
-1.253281,-0.230637,-0.088409,-0.149600,0.102599,-0.259044
-1.289917,-0.096130,0.015533,-0.426660,0.213000,-0.039464
-1.507202,-0.329544,-0.078064,-0.258321,0.209549,-0.078456
-1.355850,-0.267746,-0.040802,-0.096446,0.224033,0.055917
-1.367981,-0.270279,-0.090652,-0.354553,0.004472,-0.023014
-1.237610,-0.289078,-0.063385,-0.075958,-0.050094,0.029525
-1.165054,-0.245300,-0.098663,-0.339166,-0.165810,0.030113
-1.205505,-0.224030,-0.078140,-0.356811,-0.315556,-0.030685
-1.276032,-0.123016,-0.201248,-0.399880,-0.536221,-0.160680
-1.346451,-0.178421,-0.049438,-0.350290,-0.699388,-0.212936
-1.257568,-0.018036,-0.196625,-0.122600,-0.956355,-0.257266
-1.236725,-0.120270,-0.048218,-0.268474,-1.013111,-0.132500
-1.053650,0.026001,-0.129044,-0.315159,-1.120718,-0.257846
-1.075607,0.018143,-0.044952,-0.660578,-0.776618,-0.344634
-0.982040,-0.098862,0.038910,-0.185639,-1.049087,-0.375329
-1.033829,-0.003037,0.033005,-0.480276,-0.726911,-0.226949
-1.123703,-0.432144,0.306366,-0.194569,-0.553433,-0.019289
-0.847549,-0.088318,0.162750,-0.317109,-0.010852,0.265480
-0.832108,-0.329590,0.335434,-0.079348,0.089221,0.360754
-0.665298,-0.024963,0.065323,-0.418665,0.298571,0.605377
-0.802261,-0.367020,0.308945,-0.154766,0.567821,0.593608
-0.604568,-0.070465,0.121063,-0.099725,0.626970,0.420259
-0.752426,-0.228729,0.250534,0.179587,0.560119,0.163419
-0.823578,-0.129669,0.139603,0.607478,0.639755,0.211427
-0.870682,-0.158661,0.207825,0.312457,0.600760,0.235330
-0.847153,-0.210312,0.100327,0.552916,0.713060,0.421679
-0.886673,-0.230469,0.185684,-0.049190,0.567118,0.338443
-0.746368,-0.232178,0.150665,0.611905,0.167562,0.061993
-0.951019,-0.154739,0.131866,-0.468579,0.025261,-0.198212
-0.858826,-0.299698,0.007538,-0.156675,-0.182918,-0.390833
-1.005341,-0.186829,-0.020340,-0.467360,-0.142851,-0.324069
-0.958313,-0.315353,-0.009628,-0.336737,-0.290416,-0.140512
-0.960281,-0.215363,-0.012543,-0.010656,-0.175423,0.054743
-0.911850,-0.283844,0.061081,0.028255,-0.347313,-0.022338
-0.948563,-0.261124,0.052887,0.198905,-0.202098,0.216507
-0.878616,-0.212463,0.029770,0.043536,-0.426091,0.191694
-0.919342,-0.223862,0.088806,0.176875,-0.395445,0.186509
-0.842178,-0.192734,0.084778,0.250139,-0.493412,0.132749
-0.916687,-0.155533,0.124435,0.433060,-0.367516,0.131952
-0.815079,-0.126648,0.207458,0.576516,-0.473223,-0.054484
-0.966064,-0.088501,0.091248,0.769700,-0.228660,-0.015057
-0.779144,-0.083008,0.252243,0.783531,-0.331374,-0.294596
-0.959381,-0.049438,0.087921,0.967282,-0.154251,-0.087527
-0.755997,-0.131180,0.260269,0.732939,-0.154465,-0.263715
-1.069550,-0.075378,0.109619,0.515190,0.020430,-0.018295
-0.821548,-0.099335,0.246887,0.464232,0.086055,-0.055277
-1.026474,-0.027802,0.170563,0.288302,0.159596,0.136925
-0.857117,-0.080521,0.226517,0.240650,0.340071,0.030857
-0.824219,0.132751,0.115784,0.003502,0.443603,-0.088250
-0.937454,0.010208,0.153015,0.197924,0.483937,-0.349292
-0.804581,0.090881,0.086731,-0.116816,0.667250,-0.216756
-1.155762,-0.022705,0.055054,-0.230493,0.652553,-0.244368
-0.886154,0.043625,0.099472,-0.119247,0.536647,-0.102756
-1.149597,-0.085648,-0.026779,-0.538951,0.667049,-0.174455
-0.926666,0.001877,-0.016022,-0.165615,0.492439,0.063294
-1.268616,-0.099960,-0.049057,-0.508054,0.476287,0.022285
-1.329712,-0.234940,-0.074631,0.221576,0.402233,0.109988
-1.364761,-0.198532,-0.063782,-0.439114,0.272908,0.211035
-1.374802,-0.304916,-0.035156,0.266099,0.275876,0.165904
-1.251755,-0.205704,-0.019653,-0.423494,0.171556,0.187361
-1.233307,-0.186615,-0.059906,-0.112859,0.042185,0.175918
-1.190170,-0.058090,-0.084259,-0.237459,-0.161782,0.070335
-1.267288,-0.116089,-0.114365,-0.291831,-0.534131,-0.090391
-1.369309,-0.070312,-0.152527,-0.226310,-0.723412,-0.260225
-1.406113,-0.078735,-0.052994,0.031596,-1.039562,-0.437016
-1.293961,-0.029404,-0.132187,-0.195777,-1.144463,-0.449713
-1.233200,-0.119720,0.028336,-0.221054,-1.093187,-0.608353
-1.100128,0.077011,-0.066162,-0.358774,-1.090847,-0.612750
-1.095261,-0.238388,0.209229,-0.316021,-1.002786,-0.548557
-0.902313,0.075668,0.000336,-0.223314,-0.927247,-0.488943
-1.023468,-0.421890,0.260666,-0.611513,-0.768115,-0.204640
-0.831604,-0.115067,0.150253,-0.558182,-0.471334,-0.012107
-0.899979,-0.414825,0.364899,-0.480706,-0.017378,0.428683
-0.622711,-0.164154,0.212006,-0.853141,0.208332,0.576490
-0.700561,-0.359650,0.308594,-0.163923,0.524597,0.700334
-0.532608,-0.189499,0.256378,-0.219728,0.715114,0.687297
-0.753418,-0.275574,0.230530,0.477581,0.920416,0.591422
-0.680634,-0.189789,0.283508,0.449747,0.871981,0.742778
-0.781021,-0.194794,0.168823,0.773400,0.750197,0.536764
-0.875153,-0.141144,0.164383,0.112117,0.605526,0.559604
-0.889557,-0.171005,0.111572,0.042558,0.572333,0.412759
-0.903046,-0.094040,0.058304,-0.617671,0.453290,0.237688
-0.928879,-0.227829,0.069687,-0.644009,0.169551,0.059565
-0.934387,-0.043564,-0.089737,-0.507873,0.003983,-0.143276
-0.974838,-0.253433,0.079895,-0.519870,-0.213949,-0.397986
-0.898514,-0.158966,-0.051346,0.135024,-0.288542,-0.327566
-1.035797,-0.229874,0.052902,0.152304,-0.305393,-0.305941
-0.942032,-0.228912,0.022247,0.254954,-0.370366,-0.204951
-0.942017,-0.270798,0.126572,0.269934,-0.388172,-0.159817
-0.979568,-0.271973,0.117371,0.309583,-0.238643,0.036217
-0.947311,-0.235718,0.102142,0.182218,-0.167779,0.272022
-0.931320,-0.241470,0.118408,0.299826,-0.135662,0.361850
-0.909149,-0.153503,0.190826,0.434933,-0.030180,0.388020
-0.903503,-0.182770,0.139206,0.632883,0.022555,0.452486
-0.821228,-0.096481,0.131836,0.798742,-0.061403,0.320019
-0.842896,-0.057114,0.083832,0.954300,-0.006573,0.019861
-0.867493,0.030121,0.183533,1.162170,0.058904,-0.140247
-0.874542,-0.009476,0.092270,1.216154,0.153057,-0.146497
-1.019714,-0.040482,0.097992,1.133345,0.266723,-0.138862
-0.873032,0.031998,0.112289,0.759285,0.207987,-0.128103
-1.032944,0.044769,0.061783,0.610886,0.326049,-0.222151
-0.729996,0.054672,0.039764,0.372712,0.117927,-0.378854
-0.988754,0.035294,0.136368,0.092586,0.362235,-0.452102
-0.756744,0.075485,0.017548,-0.180238,0.129323,-0.415723
-1.053757,0.033951,0.089829,-0.315123,0.254390,-0.411042
-0.866150,0.049515,-0.027527,-0.350787,0.210379,-0.220194
-1.057190,-0.079285,0.014694,-0.393599,0.271221,-0.161796
-0.965530,-0.034912,-0.021820,-0.264457,0.239951,0.030740
-1.166855,-0.127670,0.004211,-0.726583,0.343626,-0.005359
-1.247452,-0.049072,0.001389,-0.199947,0.450403,0.019753
-1.249710,-0.091614,-0.122452,-0.576261,0.478953,-0.000235
-1.472992,-0.287888,-0.052811,-0.213908,0.427925,-0.182865
-1.287033,-0.135712,-0.132629,-0.113828,0.245299,-0.140169
-1.400925,-0.382614,-0.023773,-0.304007,0.144585,-0.211109
-1.273743,-0.213196,-0.103744,0.053281,-0.069616,-0.181433
-1.238571,-0.311020,-0.054626,-0.169864,-0.296717,-0.111035
-1.286865,-0.171356,-0.172623,-0.178321,-0.556441,-0.204214
-1.388733,-0.247452,-0.083557,-0.258443,-0.856937,-0.261260
-1.288712,-0.118698,-0.207230,0.006109,-1.183877,-0.266718
-1.269363,-0.200409,0.020615,-0.323662,-1.262390,-0.214630
-1.193207,-0.133209,-0.041412,-0.152171,-1.207227,-0.266193
-1.050354,-0.129913,0.124924,-0.986057,-1.047591,-0.184026
-0.986832,-0.026688,0.040344,-1.081731,-0.965986,-0.375821
-0.971527,-0.114838,0.153580,-1.076333,-0.545910,-0.210365
-0.783218,-0.101120,0.189789,-0.688570,-0.464454,0.026453
-0.781464,-0.058624,0.272202,-0.624339,0.046142,0.097951
-0.779984,-0.187897,0.246353,-0.065269,0.184058,0.124786
-0.731750,-0.088181,0.173294,-0.199595,0.407470,0.170525
-0.841080,-0.296524,0.250519,0.350023,0.550366,0.140495
-0.888596,-0.188049,0.163254,0.413716,0.787089,0.259111
-0.837082,-0.294556,0.241302,0.480034,0.922365,0.350629
-0.765060,-0.216232,0.066605,0.705027,0.979579,0.425188
-0.667053,-0.260040,0.155914,1.060754,0.797854,0.141336
-0.667267,-0.308426,0.026215,1.055284,0.292820,-0.157171
-0.816452,-0.360291,0.263931,0.821956,-0.172019,-0.459272
-0.915955,-0.242874,0.101013,0.257622,-0.241041,-0.359627
-1.029053,-0.383423,0.176285,-0.580476,-0.213437,-0.230927
-0.987595,-0.265747,0.004181,-0.711684,-0.210065,-0.046821
-0.994125,-0.383743,0.159119,-0.744515,-0.277071,0.229620
-0.866028,-0.356781,0.065460,-0.436406,-0.297633,0.223902
-0.922684,-0.369247,0.107254,0.153259,-0.191651,0.227571
-0.860352,-0.315735,0.105515,0.208909,-0.171414,0.157916
-0.891861,-0.308578,0.119797,0.285503,-0.243905,0.077547
-0.914246,-0.326721,0.161469,0.352374,-0.154872,0.096112
-0.939209,-0.287842,0.145599,0.298178,-0.136152,0.270836
-0.849442,-0.221481,0.177322,0.064554,-0.226438,0.205641
-0.910339,-0.112564,0.147919,0.205033,0.034424,0.159703
-0.915253,-0.136963,0.161026,0.299501,0.187061,-0.129318
-0.966812,-0.109955,0.123413,0.499287,0.272088,-0.213486
-1.002533,-0.183838,0.073761,0.674730,0.423361,-0.247494
-0.932098,-0.145386,0.098923,0.943745,0.318579,-0.200653
-0.927917,-0.153625,0.163803,0.869856,0.342726,-0.188930
-0.977127,-0.167084,0.111099,0.992033,0.393806,-0.149264
-0.712723,-0.079788,0.173508,0.545299,0.127283,-0.218631
-0.845871,-0.156158,0.091095,0.497868,0.252246,-0.334539
-0.715973,-0.096344,0.251465,-0.005683,0.125115,-0.403235
-0.865311,-0.084579,0.047501,-0.495582,0.341975,-0.382632
-0.745712,-0.087799,0.111221,-0.694692,0.328660,-0.454460
-1.057449,-0.209549,-0.030182,-0.531673,0.298424,-0.307391
-0.978821,-0.198395,-0.024445,-0.581049,0.184832,-0.148076
-1.156693,-0.229187,-0.151703,-0.343363,0.357298,-0.077152
-0.893433,-0.167725,-0.063477,0.124107,0.207996,-0.003669
-1.118149,-0.290451,-0.157639,-0.460703,0.354657,-0.039482
-0.868805,-0.147552,-0.002258,0.192222,0.255333,0.198863
-1.297333,-0.433823,-0.119659,-0.627422,0.355434,0.096936
-1.158356,-0.276459,-0.070801,-0.217166,0.350126,0.238525
-1.298279,-0.411880,-0.131851,-0.598748,0.202993,0.283075
-1.163391,-0.341446,-0.198608,-0.120451,-0.097269,0.438584
-1.154007,-0.330139,-0.126831,-0.544631,-0.275235,0.551891
-1.153168,-0.348679,-0.148285,0.141820,-0.378384,0.428979
-1.190842,-0.237640,-0.113083,-0.185465,-0.350806,0.370188
-1.256943,-0.265808,-0.136719,0.238930,-0.563348,0.232918
-1.362961,-0.188278,-0.054993,0.093171,-0.737143,0.208459
-1.402039,-0.184601,-0.103195,0.249269,-0.937099,0.136406
-1.310760,-0.045074,-0.067047,0.136624,-0.926216,0.104624
-1.234848,-0.158279,0.019058,-0.309235,-0.897964,0.108111
-1.077377,0.122528,-0.023483,0.000298,-0.766723,-0.036161
-1.040253,-0.113235,0.174774,-0.596119,-0.524763,0.011690
-0.845764,0.197937,0.002945,0.041709,-0.521014,-0.008860
-0.921234,-0.158402,0.266251,-0.396232,-0.133560,-0.059544
-0.763748,0.084290,0.111557,0.387748,0.010662,-0.107126
-0.930374,-0.137482,0.243729,0.097180,0.320477,-0.285201
-0.826172,-0.104233,0.268295,0.005809,0.592342,0.000128
-0.776566,-0.102081,0.164505,0.057681,0.794860,0.117354
-0.737106,-0.174576,0.126404,-0.095385,0.822784,0.127788
-0.773132,-0.203094,0.082123,-0.223148,0.814368,0.094613
-0.732178,-0.223343,0.103531,-0.422676,0.434601,-0.093143
-0.811462,-0.282257,0.176742,-1.007522,0.212199,0.069808
-0.825378,-0.322876,0.087860,-1.015114,-0.280126,-0.243670
-0.893524,-0.334976,0.064682,-0.696588,-0.066224,-0.296497
-0.867081,-0.343124,0.065460,-0.818950,-0.381857,-0.545900
-0.924545,-0.298660,-0.104813,-0.327731,-0.237478,-0.225795
-0.995499,-0.317017,-0.007599,-0.169555,-0.019444,-0.119610
-0.976791,-0.458435,-0.081055,0.206876,-0.129007,0.112014
-0.852570,-0.377716,0.011002,0.297400,-0.087510,0.191798
-0.902359,-0.377502,0.001190,0.437657,-0.185900,0.181958
-0.834839,-0.377594,0.042404,0.701694,-0.184826,0.285846
-0.867859,-0.300186,0.071304,0.397017,-0.279278,0.320090
-0.906250,-0.254059,0.069916,0.469817,-0.137562,0.412806
-0.869049,-0.269897,0.161011,0.370828,-0.198454,0.306048
-0.939529,-0.140549,0.104202,0.142671,0.063197,0.429600
-0.919312,-0.067703,0.183914,0.245107,0.115488,0.316948
-0.933914,-0.031784,0.033600,0.358771,0.216359,0.302073
-0.833450,-0.034103,0.145370,0.404045,0.088249,0.227403
-1.014145,0.059494,0.036163,0.533688,0.169268,0.273724
-0.846161,0.002365,0.086258,0.541603,0.065912,0.080792
-0.971741,0.071396,0.000549,0.666016,0.167000,-0.107314
-0.783005,0.096802,-0.005646,0.623030,-0.029206,-0.454505
-0.910294,0.059067,0.021698,0.539451,0.015093,-0.655875
-0.890076,-0.012482,0.083817,0.377975,-0.075274,-0.820500
-1.045273,-0.055267,0.074295,0.262943,0.193136,-0.758220
-0.983994,-0.145660,0.103226,0.011751,0.015723,-0.740539
-1.108078,-0.154617,0.094055,0.248470,0.108296,-0.648529
-0.889389,-0.177383,0.057449,-0.033430,0.114894,-0.287055
-1.065857,-0.293884,0.145676,0.123764,0.075485,-0.254651
-0.930115,-0.144943,0.011673,-0.050611,0.017704,0.113695
-1.183960,-0.405289,0.088776,-0.093693,-0.050908,0.096671
-1.097107,-0.165817,0.039093,-0.343004,-0.043033,0.258517
-1.196274,-0.386322,0.088150,-0.110155,0.003351,0.292489
-1.294647,-0.227341,0.061768,-0.306467,0.052162,0.268040
-1.286407,-0.299469,0.102783,-0.039631,-0.066388,0.133891
-1.349411,-0.212982,0.096756,-0.265007,0.049063,0.036432
-1.219849,-0.269379,0.085007,0.002507,-0.076553,-0.022801
-1.224136,-0.161606,0.067917,-0.265866,-0.068089,-0.132081
-1.214096,-0.187927,0.014877,0.091848,-0.228428,-0.204950
-1.128281,-0.180618,0.034347,-0.405466,-0.253159,-0.279578
-1.096710,-0.113190,-0.062286,0.127386,-0.626725,-0.333254
-1.098373,-0.142868,0.095627,-0.420728,-0.596682,-0.276852
-1.100800,-0.250687,0.101913,0.125912,-0.690197,-0.231831
-1.176071,-0.123749,0.124039,-0.268597,-0.598230,-0.137348
-1.078278,-0.302231,0.166504,-0.478158,-0.514244,0.051131
-1.017303,-0.114593,0.136017,-0.401368,-0.240286,0.135853
-0.945572,-0.311722,0.242050,-0.872823,-0.001047,0.333464
-0.847733,-0.092743,0.095963,-0.449571,0.211793,0.364771
-0.795563,-0.211472,0.123321,-0.913792,0.298300,0.514821
-0.854935,-0.207443,0.052460,-0.451607,0.325408,0.472211
-0.809433,-0.184235,0.125122,-0.496621,0.354360,0.552934
-0.752045,-0.159607,0.014114,-0.184127,0.300873,0.366262
-0.784714,-0.130447,0.119553,-0.002930,0.374223,0.314923
-0.666458,-0.170364,0.020904,0.433568,0.044795,-0.362071
-0.771439,-0.178253,0.008041,0.755555,-0.182693,-0.791154
-0.697266,-0.288010,0.159958,0.726951,-0.720513,-1.009886
-1.057831,-0.305496,0.218399,0.233149,-0.624411,-0.622660
-1.089752,-0.410049,0.235077,-0.425202,-0.337182,-0.008340
-0.917114,-0.407654,0.277939,-0.632153,-0.248336,0.290450
-0.934875,-0.299469,0.242172,-0.495555,-0.087974,0.406767
-0.761597,-0.364395,0.260147,-0.224734,-0.084913,0.271007
-0.796081,-0.330933,0.223221,0.227230,0.034092,0.071222
-0.832336,-0.359406,0.241821,0.442960,-0.115424,-0.213739
-0.916885,-0.284729,0.243835,0.563721,0.087989,-0.005465
-0.925232,-0.364273,0.283218,0.341092,0.084791,0.047599
-0.916931,-0.317429,0.219940,0.248584,0.167425,0.250838
-0.877396,-0.303558,0.221359,0.285887,0.110887,0.205213
-0.813446,-0.284653,0.266434,0.289552,0.057343,0.161180
-0.948990,-0.276169,0.181580,0.309454,0.134697,0.244223
-0.827240,-0.251617,0.174149,0.150571,-0.036953,0.237750
-0.915344,-0.194534,0.153198,0.241590,-0.003352,0.235091
-0.869003,-0.177246,0.113251,0.219384,-0.059390,0.354398
-0.774094,-0.074783,0.107010,0.446021,-0.339728,0.126922
-1.072891,-0.066162,0.055954,0.499088,-0.119224,0.215333
-0.940796,-0.114685,0.117355,0.749133,-0.138475,0.120890
-1.006393,-0.061371,0.141022,0.819132,0.129390,0.068467
-0.854935,-0.088806,0.209961,1.054115,0.131212,-0.058255
-0.879394,-0.032837,0.227264,0.847683,0.222841,-0.042032
-0.871170,-0.092773,0.263412,0.786682,0.340853,-0.247033
-0.846237,0.002945,0.219833,0.393702,0.457951,-0.243413
-0.861969,-0.013214,0.233795,0.055437,0.403749,-0.425792
-0.910980,-0.038422,0.126480,-0.029997,0.395561,-0.464691
-0.899612,-0.034439,0.157318,-0.287546,0.152026,-0.438802
-0.983002,-0.187607,0.121750,-0.313847,0.173322,-0.212229
-1.142395,-0.225998,0.135101,-0.219117,0.211774,-0.107769
-1.041565,-0.158173,0.097229,-0.511300,0.238066,-0.045035
-1.194641,-0.225342,0.083343,-0.472322,0.247867,0.151525
-1.146942,-0.222198,0.017075,-0.558262,0.172067,0.236529
-1.292114,-0.197098,0.040833,-0.254004,0.159476,0.331395
-1.321991,-0.231400,0.059997,-0.145255,0.144905,0.477631
-1.246231,-0.209534,0.054504,-0.151329,0.041291,0.455729
-1.177521,-0.074036,0.056274,0.130174,-0.023508,0.384111
-1.143662,-0.108978,0.062973,-0.090603,-0.115689,0.349092
-1.117218,0.000412,0.052567,0.077466,-0.231578,0.226176
-1.254349,-0.076370,0.103195,-0.229850,-0.279812,0.128890
-1.106003,0.060944,0.026871,0.006582,-0.330435,-0.034399
-1.030426,-0.023499,0.043762,-0.111184,-0.631451,-0.146658
-1.037888,0.014053,0.122177,0.209697,-0.779223,-0.423463
-1.122314,-0.008286,0.202179,-0.304892,-0.675497,-0.388710
-1.203201,-0.135498,0.277298,-0.202666,-0.531604,-0.322259
-1.106354,0.076187,0.220902,-0.389819,-0.354471,-0.498066
-1.172333,-0.050949,0.275711,-0.930578,-0.174191,-0.478439
-1.058350,0.013016,0.201416,-0.702931,-0.109958,-0.492651
-0.941269,-0.096085,0.235825,-0.965346,0.264755,-0.126252
-0.812988,-0.079849,0.130966,-0.383654,0.087105,-0.098100
-0.838638,-0.229721,0.176468,-0.652973,0.368604,0.196116
-0.901291,-0.247177,0.104111,-0.313087,0.592513,0.196128
-0.712524,-0.302200,0.216339,-0.663332,0.760389,0.476806
-0.689453,-0.253906,0.016724,-0.252214,0.670333,0.321588
-0.758865,-0.330795,0.134415,-0.406781,0.548721,0.292897
-0.694809,-0.222702,0.043487,-0.376182,0.254190,0.025753
-0.979050,-0.312973,0.091049,-0.321687,0.353196,-0.072524
-0.835037,-0.273224,0.011215,-0.048998,0.139618,-0.232626
-0.914917,-0.274124,0.025452,-0.191407,-0.043821,-0.268843
-0.939087,-0.331360,-0.015274,0.259191,-0.057524,-0.350338
-0.874313,-0.273880,0.066360,-0.050948,-0.019078,-0.188300
-0.984222,-0.440338,0.046585,-0.071626,-0.063816,-0.152418
-0.838531,-0.347366,0.052109,-0.086681,-0.050267,0.007944
-0.885925,-0.473908,0.149063,-0.188155,-0.181079,-0.007060
-0.896408,-0.413986,0.096802,0.148172,-0.078238,0.299639
-0.883209,-0.397827,0.090118,0.007974,-0.069244,0.345539
-0.920364,-0.313171,0.049271,0.298673,0.020692,0.482313
-0.871628,-0.239746,0.030823,0.154268,-0.001306,0.521604
-0.930054,-0.254684,0.056503,0.683953,0.068516,0.411756
-0.853760,-0.213333,-0.004547,0.674137,0.046171,0.432919
-0.935364,-0.150787,0.087189,0.759165,0.041035,0.169906
-0.813217,-0.097015,-0.011383,0.803114,-0.047506,0.116772
-1.015884,-0.030228,0.100464,0.408995,-0.009009,-0.019076
-0.977493,0.004044,-0.020477,0.515632,-0.009817,0.110051
-1.001053,0.010803,0.067978,0.324039,-0.097410,-0.100018
-1.013397,-0.006348,0.044434,0.046712,-0.085550,-0.162331
-0.828018,-0.015106,0.047440,-0.136733,-0.255572,-0.236636
-0.998779,-0.109131,0.138657,0.047844,0.027162,-0.229321
-0.862244,-0.181107,0.123077,0.227181,-0.045503,-0.258763
-1.121872,-0.170303,0.109985,0.308836,0.393869,-0.162627
-0.871323,-0.188477,0.108353,0.247197,0.301788,0.043669
-1.008041,-0.072662,0.034241,0.440376,0.388929,0.165989
-0.738144,-0.033691,-0.018829,0.491288,0.003246,0.187841
-0.935089,-0.080109,-0.011261,0.101648,0.136242,0.168029
-0.933426,-0.077591,0.097458,-0.008246,0.028534,0.096235
-0.929184,-0.049820,0.013168,-0.112394,-0.030630,0.322300
-1.227310,-0.119232,-0.016922,0.122294,0.126756,0.166191
-1.189804,-0.106796,0.033218,0.102058,-0.175795,0.258903
-1.288422,-0.087341,0.009216,0.148598,-0.159468,0.267224
-1.287521,-0.111206,0.069183,0.123878,-0.292785,0.297353
-1.367676,-0.101883,0.059540,-0.080888,-0.297409,0.261861
-1.302399,-0.041504,0.097321,0.031821,-0.477410,0.180607
-1.295425,-0.009750,0.113983,-0.481309,-0.497339,0.024383
-1.305771,0.049194,0.093903,-0.281541,-0.611135,-0.142960
-1.256332,0.083160,0.160263,-0.519103,-0.600762,-0.330933
-1.221024,-0.024933,0.159653,-0.324790,-0.690165,-0.315235
-1.221939,0.054642,0.286896,-0.104423,-0.334879,-0.345589
-1.083435,-0.088562,0.217697,-0.515048,-0.192158,-0.114165
-1.034973,0.128723,0.156372,-0.666660,0.111996,-0.312454
-0.953445,-0.065430,0.216690,-0.726339,0.244556,-0.186623
-0.856567,0.005753,0.137817,-0.563992,0.376678,-0.196300
-0.921722,-0.261810,0.271103,-0.534445,0.522202,0.061633
-0.765015,-0.122025,0.147568,-0.194975,0.573109,0.224752
-0.814957,-0.257919,0.129913,-0.579593,0.623541,0.318175
-0.734970,-0.158951,0.145447,-0.769590,0.619451,0.165180
-0.848679,-0.241089,0.034485,-0.860944,0.745640,0.333281
-0.762695,-0.154816,-0.039612,-0.719408,0.561983,0.333842
-0.846039,-0.277191,-0.007904,-0.174065,0.486732,0.406736
-0.844070,-0.259613,0.024780,-0.380842,0.488337,0.340196
-0.878784,-0.280792,-0.008743,0.005781,0.272269,-0.018212
-0.882446,-0.236816,0.119431,0.595668,0.189912,-0.335304
-0.840500,-0.226456,-0.045364,0.638193,-0.350256,-0.473668
-0.967926,-0.299789,0.010239,0.250158,-0.017892,-0.308588
-0.953796,-0.198349,-0.159698,-0.093829,-0.517469,-0.396415
-0.966278,-0.245148,0.012711,-0.377340,-0.413535,-0.183385
-1.016357,-0.307327,0.057480,-0.037096,-0.456873,-0.296777
-0.908325,-0.347717,0.082062,0.037908,-0.305666,-0.025228
-0.882233,-0.289505,0.124298,0.370237,-0.440159,-0.224723
-0.898727,-0.286133,0.196747,0.188041,-0.297877,0.269487
-0.824844,-0.251114,0.177582,-0.053380,-0.331642,0.210803
-0.957657,-0.286926,0.217560,0.146197,-0.043329,0.247288
-0.955231,-0.225540,0.063049,0.230391,0.082002,0.252360
-0.932831,-0.273209,0.093521,0.442334,0.118962,0.343755
-0.852173,-0.175705,0.095886,0.917763,0.040632,0.315946
-0.970535,-0.179276,0.054611,0.832507,0.134261,0.572868
-0.816162,-0.036530,0.004669,0.699285,-0.079378,0.462826
-0.891754,-0.036377,0.112549,0.646214,-0.169113,0.496938
-0.963272,0.043671,0.042084,0.087087,-0.169761,0.408540
-0.977829,0.041199,0.118454,0.162837,-0.087247,0.395111
-0.935104,0.045761,0.017044,0.494260,0.005650,0.236067
-0.964432,0.090485,0.037201,0.349523,0.131867,0.066111
-1.109726,0.034088,0.022430,0.755157,0.310949,-0.218762
-1.020676,0.127274,0.062439,0.702706,0.406725,-0.199992
-0.995468,0.077118,-0.022598,0.561354,0.322237,-0.282917
-0.764130,0.132996,-0.004929,0.744671,0.065978,-0.344030
-0.924286,0.013138,0.026413,0.306090,-0.048969,-0.400911
-0.845886,-0.023010,0.031158,0.224518,-0.169445,-0.297809
-1.072205,-0.053925,0.118378,-0.094769,-0.223101,-0.195147
-1.024490,-0.014191,0.076492,-0.028853,-0.324663,0.090276
-1.169311,-0.094955,0.075363,-0.335543,-0.333183,0.242555
-1.240234,-0.112869,0.125778,0.001226,-0.222169,0.277410
-1.389664,-0.124374,0.153381,-0.125060,-0.116126,0.305708
-1.342941,-0.133896,0.135849,0.067893,-0.134015,0.332361
-1.315430,-0.011780,0.153244,-0.155275,-0.208987,0.327339
-1.261642,-0.069534,0.181122,-0.097725,-0.188491,0.304814
-1.230942,0.042328,0.182953,-0.296777,-0.272062,0.259481
-1.298767,0.004929,0.228516,-0.218378,-0.258048,0.197668
-1.274277,0.156235,0.155212,-0.377110,-0.310706,0.102804
-1.283188,0.048904,0.213592,-0.486422,-0.277538,0.045473
-1.215866,0.238007,0.142227,-0.435666,-0.246114,-0.122695
-1.163864,0.118790,0.182739,-0.961036,-0.079758,-0.131770
-1.035019,0.266708,0.053543,-0.474835,0.097398,-0.469918
-0.969040,0.122253,0.168304,-0.848635,0.315976,-0.459175
-0.936707,0.124756,-0.008301,-0.237116,0.487952,-0.708584
-0.867294,-0.059555,0.293198,-0.777489,0.640164,-0.552041
-1.025940,0.074066,0.033600,-0.522501,0.884047,-0.509463
-0.773575,-0.154785,0.098221,-0.397704,0.904813,-0.153027
-0.644028,-0.061432,0.061157,-0.404110,0.715410,-0.261964
-0.714874,-0.124298,-0.001053,-0.175722,0.664025,-0.155646
-0.605759,-0.304672,0.035675,0.071484,0.248756,-0.306229
-0.663986,-0.310318,0.083298,0.077059,0.098737,-0.444789
-0.653366,-0.403946,0.053162,-0.154084,-0.387374,-0.738370
-0.909821,-0.397964,0.107376,0.198077,-0.169024,-0.795978
-0.790756,-0.458344,0.031647,-0.006917,-0.374481,-0.686667
-1.097580,-0.375092,0.049255,-0.048162,0.071776,-0.153660
-0.863846,-0.457809,-0.034958,-0.062875,-0.130910,0.059411
-0.951599,-0.355301,0.020645,-0.290380,-0.080464,0.178960
-0.895584,-0.351608,-0.004074,-0.042734,-0.145252,0.148531
-0.920746,-0.288773,0.070725,-0.222429,-0.099914,0.254933
-0.924332,-0.336166,-0.020477,0.021984,-0.124322,0.199984
-0.906738,-0.326782,0.018707,-0.032791,-0.089051,0.277356
-0.912430,-0.353149,0.015717,-0.085887,-0.152168,0.301937
-0.894699,-0.340836,0.042236,0.191773,-0.150505,0.299011
-0.926071,-0.312714,0.035080,0.244806,-0.152210,0.319144
-0.917053,-0.276550,0.084427,0.225614,-0.123980,0.436678
-0.979385,-0.231506,0.082291,0.034119,-0.027777,0.493840
-0.863876,-0.159698,0.041656,0.339167,-0.067684,0.464446
-0.928207,-0.204407,0.085785,0.176525,-0.015518,0.429862
-0.867340,-0.083603,0.053330,0.385303,-0.013691,0.333753
-0.890396,-0.138840,0.084274,0.433838,-0.048187,0.209180
-0.870041,-0.051453,0.017242,0.568659,-0.087036,0.170574
-0.820694,-0.076050,0.033371,0.383485,-0.177696,-0.022273
-0.933578,-0.012772,-0.003906,0.612093,-0.096326,-0.023560
-0.836227,-0.054657,0.055634,0.302255,-0.290976,-0.172826
-1.039490,-0.003571,0.014908,0.437656,-0.037979,-0.085080
-0.951431,-0.036240,0.070465,0.307543,-0.172751,-0.210824
-0.970184,0.031952,0.096603,0.257404,-0.067524,-0.221956
-0.961105,-0.009964,0.049393,0.403599,-0.179120,-0.315241
-0.957687,-0.078171,0.166428,0.327982,-0.027815,-0.257037
-1.029358,-0.153229,0.095902,0.303491,-0.003981,-0.158871
-0.962708,-0.105957,0.232666,0.321941,0.120501,-0.036070
-0.982025,-0.172501,0.072525,0.154663,0.189862,0.162680
-1.005463,-0.103271,0.206848,0.191757,0.119685,0.160884
-1.105408,-0.111649,0.140900,-0.027428,0.315169,0.267205
-1.209381,-0.146362,0.138779,0.102799,0.321198,0.250099
-1.220383,-0.014236,0.098709,-0.182044,0.293589,0.195007
-1.232788,-0.058243,0.049332,0.264633,0.157161,0.104423
-1.089462,-0.064285,0.093307,-0.130500,0.098791,0.006724
-1.164536,-0.141769,0.063705,0.010013,0.106527,-0.103332
-1.166702,-0.207123,0.112411,-0.237262,0.045465,-0.072302
-1.200027,-0.126831,0.081848,-0.284967,-0.058014,-0.021029
-1.285889,-0.178986,0.086731,-0.116316,-0.324476,0.022479
-1.337631,-0.081711,0.074493,-0.356993,-0.603637,0.151265
-1.273315,-0.048706,0.038650,-0.250178,-0.760903,0.140648
-1.291122,-0.025330,0.129623,-0.330565,-0.730356,-0.042525
-1.166840,0.016251,0.063721,-0.587014,-0.659055,-0.183480
-1.173386,0.060181,0.144592,-0.635327,-0.532160,-0.335792
-1.046310,0.117935,0.169403,-0.391675,-0.263295,-0.600510
-0.909866,-0.048233,0.034348,-0.512895,-0.324884,-0.612366
-0.905121,-0.012039,0.158737,-0.181671,-0.381791,-0.658524
-0.955063,-0.199158,0.121078,-0.329401,-0.072007,-0.399665
-0.873413,-0.173767,0.240448,-0.402514,-0.152878,-0.279148
-0.898331,-0.291000,0.206986,-0.726761,0.366132,0.013995
-0.798675,-0.207092,0.136932,-0.241000,0.429741,0.192413
-0.738327,-0.341843,0.225311,-0.789908,0.624318,0.301880
-0.605103,-0.174393,0.087875,-0.053827,0.500432,0.235364
-0.700531,-0.491882,0.239822,-0.547915,0.401283,0.204390
-0.622772,-0.279846,0.100327,-0.080815,-0.004896,-0.093472
-0.659882,-0.462433,0.179337,-0.363423,-0.167573,-0.279629
-0.703293,-0.395843,0.180344,-0.274551,-0.392348,-0.531640
-0.892670,-0.456360,0.173370,-0.361499,-0.221521,-0.398620
-0.900558,-0.517883,0.165955,-0.642474,-0.213641,-0.199829
-0.854340,-0.435654,0.190857,-1.162310,-0.329224,-0.081431
-0.921829,-0.461380,0.202789,-1.348935,-0.122993,0.205295
-0.807907,-0.474884,0.254242,-1.531352,-0.182468,0.463251
-0.797379,-0.422638,0.250473,-2.374038,-0.181258,0.649575
-0.667053,-0.218155,0.052078,-1.973668,-0.291678,0.487680
-0.648346,-0.386749,0.203857,-2.305622,-0.646614,0.306406
-0.767471,-0.161575,0.123642,-2.469093,-0.474563,0.354680
-0.496643,-0.201630,0.069565,-2.655933,-0.948558,0.083280
-0.736710,-0.121368,0.194672,-2.392330,-0.781081,-0.013441
-0.666260,-0.089233,0.263718,-2.652447,-0.628585,-0.124179
-0.774704,-0.118134,0.223022,-2.329471,-0.303204,0.125346
-0.782379,-0.080093,0.277069,-2.318585,-0.035260,0.358820
-0.919434,-0.116928,0.260925,-2.387251,0.439900,0.740559
-0.741409,0.088852,0.208817,-2.410527,0.326269,1.267453
-0.817780,0.025955,0.115829,-2.454672,0.644543,1.805278
-0.955612,0.202835,0.196259,-2.428980,0.189753,2.101545
-0.742111,0.256088,0.064560,-2.491652,0.282431,2.962544
-1.070602,0.313904,0.149689,-2.523060,0.085287,3.437610
-0.929764,0.307831,0.154648,-3.116415,0.057131,4.040023
-0.754837,0.728226,0.060150,-2.856028,-0.204244,4.539979
-0.962433,0.590668,0.269425,-3.050779,0.117307,4.860190
-0.369049,1.190353,0.154709,-2.344941,-0.017582,4.967610
-0.311279,1.030701,0.223068,-2.249816,0.074760,4.974875
-0.195404,1.338623,0.169342,-1.691598,0.519996,4.420567
-0.156738,1.315445,0.220459,-1.365097,0.708065,4.314251
-0.012665,1.367554,0.427780,-0.525580,1.351346,3.777088
0.325729,1.305450,0.418320,-1.679605,1.126575,3.333394
0.296753,1.052689,0.545670,-1.253948,1.149018,2.852368
0.367294,1.365784,0.604050,-1.729262,0.676658,2.006779
0.216446,0.975174,0.546707,-1.751307,0.633176,2.281349
0.401047,1.091278,0.518051,-0.310328,0.150226,1.273462
0.517807,0.973801,0.455933,0.899129,0.403011,1.301784
0.547028,1.254974,0.508011,0.741408,0.378354,0.444920
0.435043,0.771545,0.687515,0.139453,0.318435,0.290298
0.334549,0.551865,0.509857,1.678720,0.333719,0.614287
0.420395,0.775665,0.385086,0.644214,0.170032,0.290533
0.409119,0.616653,0.503387,-0.196247,-0.095574,0.035947
0.404266,0.593674,0.467743,-0.813968,-0.307163,0.062457
0.513382,0.875870,0.674744,-0.996003,-0.094686,0.111652
0.465134,0.750717,0.674179,-0.374569,-0.029153,-0.109093
0.458969,0.717926,0.544922,-0.225422,0.045684,-0.246585
0.486267,0.937256,0.791962,-0.105537,0.217193,-0.628237
0.389023,0.949844,0.692902,0.451267,0.316958,-0.754652
0.450546,0.848450,1.047974,0.493711,0.833892,-0.669573
0.403290,0.912430,0.789093,0.091551,1.037690,-1.002951
0.311005,0.831863,0.684219,0.230778,1.088287,-1.480012
0.134857,0.917145,0.481445,1.066014,0.884803,-1.585874
0.173019,1.035278,0.297623,1.465847,0.364429,-1.819978
-0.088440,0.728485,0.252243,1.496035,-0.007446,-1.784501
-0.146057,0.835953,0.193634,2.378065,-0.183272,-1.552312
-0.250153,0.767120,0.218308,4.249794,-0.354857,-1.043741
-0.327377,0.855438,0.130707,6.359324,-0.221116,-0.553649
-0.227600,1.107147,0.056305,7.055289,-0.095428,-0.372615
-0.164124,0.959946,-0.292572,5.758545,0.197338,-0.403516
-0.158173,0.911072,-0.489975,5.527082,0.207060,-0.519674
-0.052734,0.629150,-0.554214,4.542611,0.525188,-0.549628
0.067368,0.497009,-0.687973,2.040992,0.591562,-0.665409
0.059158,0.544724,-0.761673,1.453394,0.757990,-0.793245
0.058884,0.412994,-0.804123,1.594532,0.728860,-0.613349
0.022186,0.357147,-0.862076,1.101491,0.563737,-0.413349
0.018845,0.418137,-0.812851,0.775274,0.441289,-0.200811
0.024765,0.445480,-0.829361,0.102131,0.344283,-0.024916
0.055756,0.508545,-0.874817,-0.588458,0.216472,-0.006777
0.074646,0.380386,-0.798599,-0.935309,0.189653,0.160826
0.082336,0.372177,-0.741470,-1.438797,0.297470,0.148682
0.067505,0.287598,-0.900589,-1.485092,0.703068,0.257571
-0.245270,0.226654,-1.318924,-1.257849,0.814605,-0.090435
0.009064,0.449982,-1.296570,-0.653759,0.388469,0.323557
0.061707,0.480118,-1.124374,-0.364224,-0.364822,0.343653
-0.071854,0.581528,-0.868896,0.595416,-0.728012,0.757302
-0.091812,0.494095,-0.878403,0.226383,-0.789546,0.838779
0.002411,0.560501,-0.811035,0.080967,-0.756310,0.836514
0.027893,0.516769,-0.752274,0.465325,-0.368329,0.750107
-0.015671,0.256058,-0.711868,0.613931,-0.073013,1.162564
-0.073746,0.265121,-0.556992,0.640206,0.493659,1.394212
0.052658,0.219849,-0.684799,1.109922,0.864235,1.753359
0.116898,0.292953,-0.561707,0.944946,1.533399,1.616173
0.386063,0.374176,-0.911697,0.640424,1.963261,1.160021
0.579529,0.750000,-1.449158,-1.687627,1.573873,-0.435004
0.505264,0.396255,-0.952789,0.668000,-0.343312,0.001037
0.169159,0.372116,-0.805847,0.073872,1.446000,-0.208523
0.539459,0.256470,-0.883224,-0.528434,1.605253,0.344148
0.402969,0.454849,-0.760849,-0.970556,1.740446,0.397339
0.499161,0.641373,-0.534012,-0.587487,1.603283,0.240411
0.728882,0.743408,-0.780594,-0.102083,1.721529,0.262750
0.682495,0.307205,-0.543305,0.728318,1.414295,0.108243
0.602768,0.282288,-0.702148,0.135731,0.662407,0.193062
0.642502,0.466537,-0.498856,0.412408,0.454564,-0.098611
0.745682,0.330917,-0.605011,0.452103,0.180840,-0.070096
0.670135,0.404251,-0.491257,0.159859,-0.186241,-0.171558
0.697540,0.395096,-0.530930,0.388037,-0.445851,-0.109922
0.676208,0.463745,-0.579407,0.423493,-0.721817,-0.097540
0.681107,0.436401,-0.652008,0.502797,-0.957594,0.002416
0.656143,0.493820,-0.677612,0.268380,-1.123742,0.115677
0.695663,0.425735,-0.679153,0.173503,-0.995199,0.329757
0.603012,0.385147,-0.813263,-0.321096,-0.888724,0.661351
0.514847,0.499298,-0.854675,-0.165417,-0.774576,0.688962
0.766830,0.461319,-0.547699,0.417207,-0.071357,0.284816
0.647705,0.304092,-0.536377,1.075593,0.298469,0.081886
0.380539,-0.046295,-0.832901,0.498168,0.447561,-0.109004
0.248138,0.009323,-0.445297,-0.346763,0.818855,0.277783
0.616730,0.152069,-1.558594,-2.471006,-0.242000,0.568541
0.264389,0.812897,-1.167389,-1.039356,-1.613307,-0.812160
0.597931,0.402100,-0.975174,1.779293,-1.484624,-0.477420
0.546783,0.206223,-0.944107,-0.293352,-1.636499,-0.199494
0.388931,0.483521,-0.828751,-0.215427,-1.442018,-1.032387
0.282135,0.559982,-0.891830,1.292003,-1.182657,-1.718457
0.368698,0.318939,-0.950409,2.983279,-0.911191,-1.937971
0.315918,0.365952,-0.975845,3.974966,-0.807514,-2.632033
0.274139,-0.050339,-0.934982,4.499269,-0.855895,-2.497294
0.189758,-0.107834,-0.886688,3.307472,-0.960007,-2.466961
0.094696,-0.158554,-0.847275,2.360617,-0.718058,-2.017047
-0.012253,-0.326431,-0.825104,1.608907,-0.517337,-1.722499
-0.062393,-0.446640,-0.705261,1.126737,-0.068941,-1.086478
0.012558,-0.431686,-0.851181,1.263260,0.236946,-0.272778
0.017883,-0.377502,-0.829651,0.720403,0.268166,0.002076
0.041580,-0.330078,-0.869843,0.478916,0.244035,-0.050149
0.074966,-0.332840,-0.880692,0.657972,0.191833,-0.040986
0.138977,-0.326660,-0.919968,0.393855,0.066379,-0.066138
0.153381,-0.428986,-0.849152,0.527604,0.056232,-0.121779
0.134766,-0.465683,-0.873245,0.285957,0.009903,-0.134490
0.169174,-0.497238,-0.915298,0.106742,-0.104749,-0.028687
0.169525,-0.491379,-0.906509,-0.025127,-0.230472,0.148497
0.163757,-0.497726,-0.869034,-0.003976,-0.334091,0.297236
0.150162,-0.519730,-0.824829,0.001853,-0.354709,0.426770
0.102554,-0.533142,-0.804886,-0.189614,-0.284057,0.492401
0.070755,-0.488434,-0.824234,-0.202843,-0.148856,0.459512
0.069168,-0.512344,-0.803299,-0.045004,-0.013413,0.477606
0.062607,-0.483124,-0.841385,-0.014771,0.108155,0.437890
0.053818,-0.466599,-0.850739,-0.000443,0.127176,0.387888
0.018753,-0.464813,-0.822357,-0.163087,0.169767,0.358617
0.004013,-0.444885,-0.825439,-0.144583,0.259169,0.300389
0.007980,-0.460480,-0.823456,-0.095793,0.360524,0.250194
-0.001480,-0.480545,-0.840622,-0.116873,0.494858,0.263203
0.052826,-0.454407,-0.855133,0.037071,0.547966,0.246667
0.064926,-0.452408,-0.887665,0.078163,0.574917,0.253867
0.093109,-0.443985,-0.917572,-0.026223,0.530922,0.323702
0.144119,-0.456894,-0.924332,-0.112875,0.389892,0.377406
0.109634,-0.484863,-0.889618,-0.189786,0.359557,0.377095
0.146194,-0.436859,-0.900909,-0.031531,0.329752,0.408485
0.115875,-0.468704,-0.844208,-0.016456,0.422484,0.379115
0.113403,-0.479416,-0.795486,-0.064642,0.644924,0.344909
0.121307,-0.471573,-0.805145,-0.021712,0.888121,0.297302
0.197494,-0.413635,-0.864258,0.188724,0.962755,0.252874
0.263947,-0.480606,-0.870377,0.263812,0.880009,0.251653
0.268967,-0.485474,-0.880066,-0.018591,0.770257,0.192004
0.293961,-0.469238,-0.891983,-0.036927,0.632839,0.245772
0.259064,-0.490875,-0.866531,-0.115974,0.576936,0.252825
0.273056,-0.475678,-0.857590,-0.083495,0.546340,0.278933
0.326187,-0.492477,-0.875549,-0.044314,0.446464,0.307028
0.318893,-0.501755,-0.832718,-0.030191,0.446524,0.302976
0.324753,-0.528061,-0.820480,-0.186717,0.455476,0.359313
0.282471,-0.522415,-0.802902,-0.257048,0.623955,0.432653
0.288498,-0.479950,-0.794052,-0.275408,0.701360,0.568590
0.404556,-0.456879,-0.774246,-0.258558,0.748720,0.632196
0.437576,-0.431305,-0.723175,-0.252163,0.760629,0.455729
0.473953,-0.397430,-0.712524,-0.283709,0.726554,0.299873
0.522980,-0.380600,-0.730026,-0.309837,0.597849,0.194057
0.559967,-0.422852,-0.736450,-0.753958,0.304281,0.250941
0.593185,-0.393890,-0.746323,-1.327139,0.052473,0.285522
0.598648,-0.406067,-0.748703,-1.682610,-0.177541,0.359090
0.517960,-0.368912,-0.723740,-2.435137,-0.284341,0.386996
0.492004,-0.147614,-0.780518,-2.633877,-0.339613,0.652192
0.308029,-0.008636,-0.839539,-2.479945,-0.209841,0.407951
0.174744,0.027237,-0.834167,-2.770912,0.129060,0.284571
0.016159,0.139511,-0.918747,-2.626673,0.435210,0.126469
0.000214,0.077347,-1.119308,-2.936529,0.485093,0.232891
0.068085,0.305328,-1.428070,-1.754931,0.165207,0.309964
0.095612,0.163681,-1.161148,-0.284151,0.059169,0.154970
0.122803,0.297195,-0.864883,-0.815670,0.538018,-0.459935
0.247696,0.432007,-0.857132,0.843394,0.933372,-0.611004
0.433991,0.213806,-1.134491,0.771755,1.124455,-0.700300
0.503983,0.423111,-0.896255,0.136113,1.296206,-0.774316
0.573425,0.266754,-1.120270,0.199102,1.602715,-0.568741
0.571915,-0.056580,-0.967300,0.343239,1.768488,-0.445860
0.538513,-0.003860,-0.638092,-1.123141,2.060573,-0.208736
0.593628,0.252121,-0.487747,0.714636,1.915748,0.153805
0.731384,0.662476,-0.748413,-0.523329,1.520673,-0.126003
0.735397,0.764160,-0.421204,0.381770,1.102403,-0.388879
0.714493,0.348358,-0.537582,0.434462,0.767076,-0.325065
0.751862,0.293411,-0.571320,0.168454,0.690153,-0.043927
0.878815,0.015549,-0.551956,0.204543,0.849447,0.390783
0.949066,0.071121,-0.434662,0.328704,1.228251,0.482033
1.242981,-0.168701,-0.319855,-0.103271,1.245946,1.099047
1.331833,-0.315445,-0.153168,-1.892494,0.830741,1.072358
1.241119,-0.298218,0.071548,-4.508988,0.250757,1.088179
0.933807,0.135956,0.394943,-4.710289,0.207799,0.655477
1.014221,0.028900,0.129608,-2.857502,0.589612,1.154065
1.226547,0.232864,-0.012299,-3.060148,0.345783,1.062036
1.032516,0.454269,-0.041672,-1.454976,0.549040,0.952169
0.998245,0.410172,-0.061554,0.586323,0.588943,0.713978
0.944397,0.246475,-0.023682,1.510488,0.796574,0.394911
0.971695,0.108536,-0.079971,1.003769,0.822515,0.231477
0.996155,0.034027,-0.088013,-0.508901,0.666330,0.261694
1.124725,0.164032,-0.015381,-2.193821,0.674727,0.551953
1.101334,0.296112,0.000961,-2.679221,0.508470,0.934040
0.943771,0.351395,0.025085,-2.469501,0.289055,1.358394
0.859116,0.323639,0.041199,-2.317981,0.248847,1.245128
0.918182,0.296097,-0.021027,-1.864071,0.427769,0.673103
0.991211,0.227203,-0.046082,-0.543364,0.268215,0.046605
0.974579,0.274475,0.018082,0.972465,0.362015,-0.694546
1.030258,0.279709,0.107910,1.598688,0.081668,-1.384291
1.038925,0.313431,0.147018,0.501312,-0.179092,-2.043413
1.007172,0.280075,0.115463,-0.979871,-0.497800,-2.124622
0.864502,0.330109,0.207016,-2.317813,-0.590345,-1.957494
0.825851,0.425003,0.164215,-3.043659,-0.684952,-1.670064
0.864487,0.434418,0.075424,-3.241833,-0.944966,-1.397073
0.862885,0.414902,0.096848,-3.714510,-1.246890,-1.273256
0.908264,0.310257,0.069046,-3.319238,-1.363090,-1.108782
1.092362,0.359909,-0.098068,-2.568949,-1.981667,-0.746638
1.150223,0.181305,0.098968,-2.496521,-2.264152,0.012395
0.993439,0.425446,0.222610,-3.041037,-2.026122,0.469979
0.805603,0.533188,0.174255,-2.650209,-1.319035,0.413788
0.645355,0.658585,0.015549,-0.975404,-0.564641,0.168004
0.603928,0.341171,-0.148300,-0.513600,-0.052215,0.129369
0.609497,0.406540,-0.195023,-1.301643,0.348887,0.034451
0.666000,0.592178,-0.260651,-1.016334,0.152769,-0.065435
0.727982,0.594955,-0.250214,0.044916,0.048181,-0.487260
0.794662,0.454391,-0.157379,1.661077,0.156573,-0.192694
0.704895,-0.062286,-0.321350,2.061568,0.201002,0.493760
0.726791,-0.632400,-0.260315,2.676612,0.700896,1.546196
0.946121,-0.267303,-0.234406,0.763049,0.977565,2.611897
1.627899,0.935761,-0.404541,-0.496170,0.199372,1.505006
1.365387,1.402527,0.133850,-1.255683,-0.516778,-0.345932
1.255127,0.613129,0.134369,0.756932,-0.400880,-1.108803
1.008514,-0.225891,-0.065033,-0.628000,-1.027153,-1.171401
0.922028,0.145279,-0.201416,-1.596555,-1.438290,-0.759644
1.031174,0.296082,-0.235275,0.793181,-1.838180,-0.249847
0.928604,0.445862,-0.103744,1.975250,-2.167073,-0.060409
0.747894,0.126663,-0.405167,1.287423,-2.620032,0.593434
0.797394,0.268311,-0.522064,-1.309968,-2.858140,0.694359
0.699188,0.379486,-0.539200,-3.348528,-3.279146,0.461241
0.841309,0.553497,-0.431808,-4.069058,-3.218057,-0.073791
0.854385,0.621460,-0.281006,-3.868611,-2.767665,-0.654303
0.780167,0.709793,-0.375397,-2.441939,-1.995903,-0.759594
0.644211,0.568542,-0.439331,-1.481319,-1.532647,-0.378116
0.488113,0.467682,-0.471298,-2.058790,-0.956182,-0.023619
0.375748,0.489487,-0.535416,-2.414900,-0.436917,0.151260
0.398514,0.639908,-0.457611,-1.535646,-0.035758,0.379167
0.540344,0.555771,-0.460953,-0.081184,0.330155,0.746982
0.630844,0.489395,-0.517014,0.004406,0.582780,0.821064
0.773941,0.547256,-0.481781,0.007525,0.747794,0.758589
0.857086,0.639404,-0.482803,0.298985,0.918011,0.340143
0.822021,0.684586,-0.473419,0.961400,0.955417,-0.205440
0.746872,0.721268,-0.463028,1.624081,1.252047,-0.742545
0.843613,0.542679,-0.583893,2.204219,1.203589,-0.889476
0.805435,0.563507,-0.506790,0.976210,1.009366,-1.118048
0.624969,0.666977,-0.427322,0.158793,1.209341,-1.092185
0.556122,0.757401,-0.352005,0.277100,1.388604,-1.011421
0.450104,0.785187,-0.246872,0.665271,1.711141,-0.971707
0.532028,0.764618,-0.301559,1.316318,1.841294,-0.903787
0.554581,0.642792,-0.293060,1.310007,1.594304,-0.809560
0.590012,0.678589,-0.285355,1.043803,1.607038,-0.920927
0.667480,0.754562,-0.379547,1.526597,1.604483,-0.948328
0.812897,0.636169,-0.593460,2.265102,1.170846,-0.898234
0.683167,0.575501,-0.554932,1.424010,0.247399,-0.699335
0.663742,0.477371,-0.522018,1.126429,-0.252955,-0.176276
0.512283,0.505890,-0.421295,1.712069,-0.470704,0.131167
0.311447,0.550674,-0.415680,2.350058,-0.156706,0.490722
0.268753,0.599182,-0.511688,2.679678,0.343030,0.625412
0.414322,0.587173,-0.660248,3.031354,0.627764,0.618352
0.448303,0.560135,-0.498032,2.634942,0.926899,0.558386
0.504425,0.370117,-0.611069,1.835847,1.228140,0.551751
0.704483,0.509735,-0.592255,0.200003,1.091123,0.110107
0.753113,0.410034,-0.522034,0.883368,1.304576,0.362986
0.853851,0.297867,-0.553619,0.683337,1.213389,0.493154
0.932053,0.286682,-0.372864,-0.158695,1.073601,0.638281
1.608261,0.772491,-0.791885,-0.529821,-0.150151,-0.017917
0.840195,-0.106537,-0.454910,-0.568604,0.400094,0.409556
0.679977,0.280853,-0.524323,-0.422092,0.233957,0.289305
0.830856,0.207443,-0.639206,0.309584,0.321778,0.123974
0.814331,0.219620,-0.526291,0.571706,0.499182,0.091490
0.865860,0.147766,-0.422379,0.228146,0.458591,0.069635
0.884369,0.210281,-0.445084,0.535011,0.589206,0.013087
0.848404,0.149582,-0.479614,0.737872,0.607404,-0.004919
0.878326,0.161926,-0.491959,0.658219,0.572267,0.097471
0.880875,0.098099,-0.387131,0.114647,0.487272,0.178130
0.927383,0.150558,-0.371490,-0.300185,0.467170,0.281488
0.895813,0.106003,-0.370880,-0.047361,0.467525,0.259957
0.919495,0.130035,-0.356476,-0.080531,0.438187,0.196144
0.924133,0.102249,-0.364716,-0.100903,0.395302,0.177450
0.928055,0.107178,-0.325668,-0.158218,0.379914,0.156115
0.935272,0.095032,-0.309021,-0.266424,0.342863,0.131715
0.933197,0.128677,-0.314880,-0.183557,0.270627,0.092127
0.944168,0.109238,-0.281128,-0.209230,0.233981,0.048751
0.937805,0.105331,-0.236832,-0.060555,0.193313,0.054251
0.930191,0.122833,-0.263245,-0.347689,0.159416,0.023715
0.938568,0.116028,-0.307999,-0.009736,0.184190,0.086094
0.959152,0.106400,-0.264877,-0.392704,0.201134,0.098063
0.960419,0.099075,-0.286316,-0.400450,0.209737,0.120447
0.957397,0.102509,-0.238083,-0.490189,0.162135,0.096311
0.957108,0.088348,-0.247849,-0.565225,0.205478,0.109158
0.956161,0.118607,-0.222488,-0.465644,0.227540,0.132290
0.968063,0.139175,-0.203339,-0.056605,0.208585,0.114316
0.973465,0.087509,-0.181854,0.014727,0.076351,0.036846
0.957397,0.128387,-0.207367,0.072524,0.024291,0.008698
0.964539,0.102066,-0.219971,0.201457,0.043269,0.021591
0.974350,0.100662,-0.221817,0.217606,0.074326,0.026259
0.970184,0.088455,-0.195053,0.129955,0.012982,0.023513
0.963501,0.095245,-0.212173,0.071652,-0.009946,-0.010712
0.970825,0.097717,-0.211609,0.065003,-0.001348,0.009548
0.965485,0.090378,-0.212646,-0.051041,-0.000986,0.008715
0.973373,0.096268,-0.220367,-0.073783,-0.005411,0.005112
0.971359,0.102600,-0.218430,-0.039091,-0.001998,0.005695
0.972244,0.094803,-0.206726,-0.058511,-0.014971,-0.005376
0.971329,0.100159,-0.215012,-0.075878,-0.005490,-0.007766
0.960968,0.091812,-0.202454,-0.103046,0.009288,-0.006016
0.971252,0.097733,-0.206726,-0.082559,0.011648,0.013598
0.969299,0.101608,-0.209198,-0.144184,-0.014435,-0.006785
0.966293,0.104523,-0.203857,-0.129980,-0.042096,-0.010933
0.968018,0.104034,-0.225784,-0.147262,-0.046524,-0.020871
0.970261,0.106979,-0.209671,-0.140818,-0.035790,-0.015372
0.968277,0.113800,-0.210175,-0.093066,-0.035529,-0.021008
0.959885,0.129364,-0.211731,-0.041142,-0.008500,-0.011490
0.964890,0.097687,-0.206802,-0.058682,0.005395,0.013966
0.961502,0.114258,-0.216583,-0.067249,-0.004333,-0.000129
0.968811,0.112823,-0.214066,0.002022,0.012168,0.016056
0.971268,0.118698,-0.217941,-0.053234,-0.003109,0.014020
0.958527,0.107407,-0.209793,-0.026016,-0.004100,-0.003731
0.970642,0.117722,-0.205765,0.043221,0.009242,0.019936
0.961517,0.110352,-0.216095,-0.058616,-0.002114,0.006443
0.962494,0.110840,-0.216568,0.042161,0.015594,0.012448
0.969727,0.107956,-0.206741,-0.033648,-0.014747,0.008948
0.966324,0.103546,-0.205811,0.026967,0.009130,0.017527
0.963928,0.112808,-0.214127,0.005365,0.000410,0.006436
0.967300,0.105515,-0.206284,0.038906,0.001750,0.019837
0.967392,0.112335,-0.218475,-0.024905,-0.014756,-0.002684
0.965485,0.095245,-0.214111,0.011969,-0.017724,-0.001019
0.974640,0.110916,-0.209122,0.010814,-0.020855,0.012867
0.961563,0.108398,-0.219513,-0.001196,-0.003838,0.018084
0.960968,0.104492,-0.208801,-0.007698,0.002504,0.013723
0.972717,0.102615,-0.208176,-0.007581,-0.022066,0.006140
0.965836,0.109894,-0.209717,0.022892,-0.031556,-0.007314
0.965424,0.104523,-0.213135,0.016324,-0.033668,0.004345
0.958725,0.115204,-0.231735,-0.016252,-0.011489,-0.000387
0.963989,0.094757,-0.211197,-0.009826,-0.002865,0.009386
0.968948,0.107941,-0.223328,0.025904,0.010168,0.013232
0.964493,0.095245,-0.213638,-0.022796,-0.002986,0.001678
0.969360,0.113800,-0.219910,0.037892,-0.003639,0.010167
0.960556,0.104980,-0.215134,-0.003295,-0.002851,0.005209
0.983124,0.110428,-0.266571,-0.024622,-0.032033,-0.043420
0.969940,0.096252,-0.219910,0.007653,-0.020962,-0.003243
0.964981,0.098663,-0.215088,-0.016239,-0.017885,0.000659
0.961502,0.104980,-0.212692,0.003182,-0.007036,0.012794
0.959839,0.095215,-0.234161,-0.041060,-0.009638,-0.025407
0.980209,0.104111,-0.223206,0.040091,0.004854,0.000600
0.966324,0.113312,-0.211166,-0.025905,-0.028668,-0.010246
0.958633,0.100586,-0.216141,0.004523,-0.029600,-0.020451
0.962524,0.103531,-0.215607,-0.015117,-0.022164,-0.003619
0.960159,0.107895,-0.224884,-0.026010,0.000148,-0.006926
0.969360,0.102097,-0.214554,0.005411,0.003557,-0.003187
0.960068,0.111313,-0.218552,-0.016171,-0.001990,-0.019616
0.968918,0.103561,-0.218948,-0.031254,-0.028765,-0.023177
0.963516,0.113281,-0.221436,-0.020376,-0.034047,-0.026229
0.954819,0.107376,-0.228851,-0.030166,-0.011743,-0.032728
0.960632,0.108871,-0.223907,-0.038849,-0.021363,-0.026486
0.966492,0.119156,-0.228226,-0.035585,-0.030928,-0.023258
0.959015,0.098633,-0.206375,-0.081973,-0.071854,-0.045582
0.958664,0.123505,-0.230270,0.017782,-0.056336,-0.049235
0.960754,0.137650,-0.247787,-0.081964,-0.044206,-0.061532
0.977188,0.111862,-0.261749,0.033716,0.005758,-0.023050
0.968002,0.125015,-0.235031,0.031655,0.000326,-0.039162
0.960876,0.114227,-0.248276,0.076895,0.023227,0.003418
0.962662,0.100113,-0.226334,-0.098697,-0.006653,0.000416
0.973389,0.135284,-0.240341,-0.048342,-0.053574,-0.056733
0.944931,0.138062,-0.232849,-0.070112,-0.020661,-0.060178
0.958618,0.124969,-0.226364,-0.019374,-0.004187,-0.027173
0.950348,0.144913,-0.239609,-0.047473,0.006191,-0.050072
0.968918,0.123550,-0.228195,-0.026968,0.012791,-0.035794
0.958466,0.144958,-0.221970,0.074733,0.023206,0.002310
0.955627,0.138123,-0.228348,0.007913,-0.015879,-0.051387
0.960068,0.132782,-0.228302,-0.008470,-0.017999,-0.030255
0.962051,0.137665,-0.233154,-0.033372,-0.023506,-0.034965
0.952209,0.132248,-0.225952,-0.059376,-0.031134,-0.035423
0.950684,0.156631,-0.231323,-0.046711,0.062870,-0.023083
0.963364,0.158157,-0.229233,0.006509,0.062057,-0.036126
0.961349,0.130844,-0.212189,-0.292708,0.018651,-0.034788
0.967316,0.166473,-0.236496,0.227419,0.040303,0.034857
0.957657,0.125931,-0.228317,0.319696,0.052474,0.012867
0.951599,0.186386,-0.240570,0.341021,0.098679,0.052998
0.952438,0.169327,-0.220078,0.404423,0.153849,0.127038
0.980286,0.115311,-0.235397,0.187864,0.069250,0.109243
0.966965,0.073807,-0.205322,0.245832,0.047881,0.035187
0.967834,0.047943,-0.226288,-0.163957,-0.028147,0.044222
0.961594,0.071335,-0.204895,-0.737076,-0.119390,-0.015848
0.966049,0.127930,-0.235550,-0.192520,-0.055571,-0.067672
0.968277,0.135757,-0.221375,-0.249905,-0.098554,-0.062356
0.961121,0.125946,-0.232193,-0.244601,-0.103734,-0.038742
0.965851,0.126953,-0.218979,-0.285839,-0.114598,-0.028757
0.955536,0.141052,-0.221512,-0.085381,-0.052586,-0.028439
0.958618,0.149353,-0.238052,-0.037647,-0.029975,-0.042556
0.960037,0.139114,-0.228775,-0.000841,-0.026496,-0.032302
0.957092,0.140076,-0.227844,-0.019162,-0.038417,-0.046565
0.956589,0.153244,-0.232712,0.036086,-0.036961,-0.036019
0.956757,0.143478,-0.242950,0.059914,-0.022955,-0.037712
0.960495,0.143509,-0.227799,0.084843,-0.034491,-0.028784
0.952347,0.143463,-0.242035,0.058699,-0.001569,-0.025877
0.953873,0.144440,-0.247864,0.055299,0.014498,-0.008746
0.956207,0.147873,-0.240524,-0.000239,0.038832,0.018262
0.957611,0.146912,-0.233688,0.036856,0.006946,-0.003726
0.958603,0.141541,-0.233185,0.074886,-0.001398,-0.011696
0.953262,0.144440,-0.237137,0.028329,-0.010261,-0.021057
0.955032,0.143967,-0.221527,-0.006439,-0.016796,-0.006668
0.950897,0.150269,-0.246918,0.011915,-0.005973,0.002237
0.956818,0.134705,-0.244415,0.011826,-0.000574,0.015100
0.956299,0.145920,-0.246857,-0.009895,0.009962,0.014785
0.959183,0.134232,-0.237564,-0.005472,-0.006046,0.008374
0.957626,0.145447,-0.235138,-0.008776,0.004619,0.011573
0.952667,0.145416,-0.228378,-0.016278,-0.002953,-0.000352
0.953796,0.143951,-0.241043,0.034644,0.009101,0.002669
0.957642,0.142517,-0.234665,0.003158,0.011066,0.007509
0.952194,0.147369,-0.230820,-0.020607,0.002326,-0.004689
0.967346,0.150375,-0.232117,0.006424,0.008949,0.006486
0.953247,0.141998,-0.234711,-0.045552,0.003238,-0.005096
0.960129,0.152771,-0.242920,-0.048840,0.012827,-0.004040
0.954132,0.144943,-0.228363,-0.041344,0.011894,0.013204
0.954712,0.137619,-0.232742,0.033652,0.002629,-0.010216
0.956207,0.139572,-0.236130,0.016422,-0.009291,-0.025532
0.957184,0.144943,-0.238068,0.022680,0.020759,0.002516
0.959030,0.141556,-0.227325,0.012915,0.014322,0.006613
0.951660,0.151749,-0.229843,-0.002174,0.001381,-0.003317
0.961044,0.133759,-0.228287,-0.006427,-0.014680,-0.009872
0.955627,0.158600,-0.236633,-0.010779,0.000200,-0.015237
0.961075,0.137161,-0.233643,-0.021551,-0.018019,-0.018697
0.954666,0.167862,-0.242477,0.011978,0.007798,-0.015906
0.960052,0.139603,-0.230240,-0.002206,0.014173,-0.004340
0.954575,0.151779,-0.226883,0.026088,0.003617,-0.015691
0.954147,0.152252,-0.232742,0.007590,0.016330,-0.011662
0.952240,0.147369,-0.235199,-0.000034,0.008861,-0.002186
0.960434,0.146927,-0.224396,0.020647,-0.012350,-0.004064
0.957291,0.150314,-0.249771,0.000096,-0.024229,-0.007660
0.961014,0.134247,-0.226334,-0.019372,-0.043542,-0.006983
0.950256,0.160034,-0.239120,0.022827,-0.026177,0.001270
0.957687,0.132751,-0.233688,-0.029043,-0.051130,-0.018946
0.958618,0.152756,-0.239517,0.013215,-0.039136,-0.018204
0.950409,0.168808,-0.256180,0.019609,-0.019850,-0.008395
0.958145,0.135696,-0.232224,-0.024840,-0.028642,-0.007015
0.957169,0.152756,-0.240509,0.080297,-0.007737,-0.006280
0.948517,0.139526,-0.247437,-0.027930,-0.029873,-0.034901
0.956207,0.154205,-0.242477,0.037922,0.002715,0.001628
0.950333,0.151733,-0.241562,-0.022753,-0.005152,-0.004751
0.959702,0.141052,-0.243408,0.047739,-0.005786,-0.003596
0.952805,0.153214,-0.244461,-0.010732,-0.009420,-0.018486
0.955231,0.144943,-0.239563,0.021749,-0.008107,-0.009383
0.953766,0.157120,-0.244934,0.022777,-0.003791,-0.001855
0.951324,0.143448,-0.238632,0.030367,0.009020,-0.008105
0.951294,0.152725,-0.240082,0.022770,0.011103,-0.008224
0.951752,0.149796,-0.236191,-0.008592,0.000196,-0.018412
0.947830,0.158554,-0.240128,0.130098,0.042640,-0.017043
0.948013,0.137085,-0.245972,-0.009752,0.015148,-0.013024
0.949356,0.146851,-0.239136,0.039983,0.014529,0.014552
0.956635,0.150314,-0.235641,0.056335,0.010296,0.001960
0.952301,0.144928,-0.239105,-0.005381,0.000254,-0.010868
0.954239,0.153229,-0.241028,0.010773,0.017474,0.000166
0.956726,0.151291,-0.244415,0.009683,0.006837,0.006532
0.958145,0.144959,-0.236603,0.013177,-0.028462,-0.017092
0.945984,0.163910,-0.251358,0.071658,-0.007821,-0.012842
0.956635,0.137146,-0.229797,-0.028093,-0.028663,-0.007069
0.948425,0.165863,-0.252304,0.100700,0.006403,0.021942
0.949936,0.150757,-0.249359,0.009779,0.001433,-0.007401
0.956741,0.146408,-0.243927,0.035881,-0.011244,-0.013446
0.953293,0.155655,-0.245422,0.038051,-0.017613,-0.010222
0.951324,0.149307,-0.241058,0.008627,0.003610,0.003289
0.949387,0.152222,-0.244003,0.022667,-0.003694,0.017409
0.951385,0.148331,-0.246918,0.007550,-0.009166,0.008576
0.949875,0.155640,-0.245956,0.053056,0.002851,0.010439
0.950897,0.144424,-0.244965,0.001098,-0.004999,-0.003288
0.953781,0.149811,-0.242981,0.037828,0.021946,0.008120
0.947952,0.148315,-0.245483,0.024880,0.016489,-0.000676
0.957199,0.144943,-0.240509,0.069357,0.017813,-0.003150
0.951355,0.151260,-0.244476,0.032547,-0.000553,-0.004896
0.955368,0.143463,-0.249802,0.054194,0.009193,-0.002361
0.953857,0.142975,-0.246399,-0.016297,0.001317,0.000732
0.955780,0.151764,-0.247345,0.004221,0.010030,0.011805
0.939651,0.142410,-0.244125,-0.110526,-0.003626,-0.019033
0.966064,0.141571,-0.243347,-0.110332,-0.060178,-0.023526
0.960831,0.129837,-0.251694,0.034050,-0.071130,-0.041532
0.956497,0.168854,-0.232224,0.045860,0.001382,-0.058189
0.952728,0.132706,-0.270798,0.263519,0.054061,-0.026584
0.960999,0.144943,-0.273132,-0.105122,-0.005702,-0.014669
0.956360,0.155670,-0.257584,0.217554,0.071186,0.036953
0.949112,0.146362,-0.260101,0.171955,0.051805,0.055395
0.959946,0.161560,-0.231216,-0.206385,-0.005947,0.055383
0.960251,0.143494,-0.249252,-0.210721,-0.014486,0.059559
0.961868,0.127396,-0.255096,-0.208758,0.033584,0.070481
0.949036,0.163910,-0.262543,-0.129894,0.107739,0.085974
0.957016,0.144958,-0.224426,-0.066839,0.120745,0.052806
0.962845,0.144012,-0.219971,-0.019921,0.058012,0.036212
0.956116,0.136169,-0.226395,0.022831,0.013177,-0.019988
0.967300,0.133789,-0.220413,0.060126,-0.050806,-0.060294
0.953613,0.147858,-0.227386,-0.023413,-0.069367,-0.045681
0.958298,0.144943,-0.250244,0.045781,-0.027265,-0.029398
0.958984,0.143997,-0.224899,0.008892,-0.035987,-0.022546
0.961105,0.151306,-0.242905,0.059652,0.015575,-0.011881
0.951767,0.144928,-0.235702,0.007599,0.019513,-0.014861
0.960510,0.143509,-0.229263,0.032550,0.018593,-0.015526
0.951691,0.146881,-0.229355,0.017383,0.017421,-0.017920
0.957565,0.140564,-0.227341,-0.004299,0.010903,-0.016158
0.957489,0.152283,-0.225876,0.030420,0.001527,-0.013483
0.950226,0.150772,-0.231323,-0.016065,-0.014850,-0.031438
0.952301,0.154678,-0.243485,-0.009782,0.013051,-0.006608
0.958054,0.151794,-0.232208,-0.019751,0.041900,0.014745
0.952667,0.150299,-0.231293,-0.005526,0.023790,0.002067
0.959549,0.145447,-0.232193,0.006405,0.031307,-0.001990
0.960342,0.155716,-0.220489,-0.047823,0.010770,0.008815
0.954056,0.144455,-0.222015,-0.059553,-0.012890,-0.013949
0.959442,0.150818,-0.224396,0.007533,0.006807,0.003286
0.953537,0.153229,-0.222519,-0.018512,0.010917,0.003942
0.955536,0.154709,-0.227859,0.017277,0.012202,0.003467
0.955139,0.144455,-0.230301,0.010736,0.015386,0.007655
0.962357,0.149872,-0.222900,-0.001068,-0.006078,-0.003327
0.952118,0.157120,-0.228867,0.016227,0.002590,0.002343
0.958984,0.147400,-0.226349,-0.014190,0.009897,0.007223
0.956573,0.153244,-0.232224,-0.013050,0.005600,-0.000267
0.959473,0.146439,-0.225372,-0.018502,0.003465,0.006057
0.957519,0.149353,-0.226852,-0.032579,0.006549,0.000484
0.952103,0.156631,-0.226913,-0.005587,0.021718,0.013832
0.953156,0.140060,-0.226425,-0.016390,0.018420,0.008287
0.962372,0.150345,-0.223877,0.009549,0.027171,0.019453
0.956512,0.147400,-0.223450,-0.033803,0.022627,0.016583
0.962784,0.143524,-0.214127,0.000995,0.008925,0.007469
0.959381,0.150345,-0.219528,-0.033649,-0.010488,0.006826
0.954071,0.146408,-0.223969,-0.065014,-0.020331,-0.003361
0.959381,0.145950,-0.217087,-0.035712,-0.023363,-0.005033
0.952164,0.158585,-0.233246,-0.086647,-0.022643,-0.012289
0.958374,0.152283,-0.218552,-0.022829,-0.014652,0.013412
0.955994,0.155197,-0.224442,0.013988,-0.002677,0.017273
0.954117,0.151764,-0.230789,-0.029375,0.004489,0.010165
0.959442,0.154724,-0.226837,-0.009970,0.020668,0.022318
0.958466,0.143509,-0.221481,-0.043554,0.019364,0.016408
0.960892,0.153275,-0.224380,0.029098,0.019817,0.018674
0.963760,0.136215,-0.211197,-0.045373,-0.032023,-0.018069
0.952637,0.161026,-0.233246,0.029570,-0.033796,-0.036111
0.956146,0.155670,-0.238083,-0.042236,-0.009561,-0.009370
0.956039,0.149338,-0.226379,-0.073867,0.006369,0.013720
0.963791,0.154266,-0.222397,-0.033864,0.018429,0.029412
0.951660,0.149323,-0.227890,-0.079527,0.042718,0.036245
0.959381,0.145462,-0.217087,-0.149040,0.054091,0.047990
0.963669,0.157684,-0.213623,-0.147945,0.048772,0.049059
0.957520,0.143494,-0.224915,-0.150925,0.018717,0.016782
0.962799,0.128418,-0.208282,-0.130081,0.005862,-0.018246
0.955612,0.176666,-0.201035,-0.046324,-0.019387,-0.048008
0.959335,0.154236,-0.217087,0.041331,-0.012301,-0.017642
0.955780,0.153259,-0.205429,-0.051942,-0.023495,-0.011721
0.957855,0.152771,-0.215149,0.036789,0.022965,-0.000453
0.962708,0.147430,-0.210220,0.014041,0.022802,-0.005110
0.960754,0.155228,-0.213165,0.066049,0.033800,-0.002072
0.954865,0.153244,-0.210800,0.007492,0.040882,-0.007290
0.966187,0.143066,-0.212631,-0.007600,0.033261,-0.019341
0.958740,0.144974,-0.203445,-0.039923,0.009470,-0.044581
0.961105,0.159622,-0.203415,-0.002114,0.009837,-0.018269
0.954773,0.155197,-0.203979,-0.040128,0.010719,-0.009257
0.968948,0.159668,-0.204788,0.049754,0.018835,0.010449
0.954361,0.162018,-0.214218,-0.009755,0.020471,-0.015144
0.963165,0.149872,-0.208755,0.026926,0.041081,0.008016
0.959518,0.164017,-0.195633,0.010719,0.024973,0.005549
0.957748,0.154724,-0.207352,0.009756,0.011027,-0.008435
0.964508,0.151352,-0.198502,0.008747,0.000317,-0.015984
0.969406,0.146988,-0.196014,-0.003939,-0.045803,-0.049552
0.954422,0.168365,-0.222015,0.038444,-0.032860,-0.071284
0.959671,0.164001,-0.208298,-0.021405,-0.036228,-0.034815
0.953628,0.178619,-0.200073,-0.022748,-0.003027,-0.006881
0.953781,0.162018,-0.206421,0.024845,0.021839,0.002556
0.956711,0.163010,-0.205902,0.005164,0.043142,0.019440
0.955856,0.164963,-0.217117,-0.016352,0.023708,-0.001322
0.962509,0.161591,-0.199493,0.012897,0.005832,0.014076
0.960556,0.165482,-0.200974,-0.013908,-0.045670,-0.013320
0.959213,0.165955,-0.212204,0.005607,-0.051927,-0.008741
0.959671,0.165955,-0.209763,-0.019449,-0.024319,-0.003695
0.959290,0.156677,-0.214645,-0.000063,-0.001743,0.008481
0.963593,0.166946,-0.210693,0.017312,0.002596,0.002361
0.953842,0.158615,-0.209839,-0.019500,-0.005131,-0.004697
0.966034,0.157211,-0.206284,0.022707,-0.002665,0.009922
0.954865,0.163483,-0.215668,-0.018490,-0.002926,0.007105
0.965073,0.159149,-0.208740,-0.029445,0.001362,0.024067
0.961258,0.155228,-0.214630,-0.045708,0.002321,0.022732
0.956085,0.155701,-0.190308,-0.110502,-0.021730,-0.013749
0.961212,0.161575,-0.213165,-0.158005,-0.056251,-0.033925
0.960159,0.155228,-0.204895,-0.163155,-0.102270,-0.057732
0.953827,0.182022,-0.219574,-0.115769,-0.038918,-0.032093
0.955856,0.169342,-0.219559,-0.035700,-0.025500,-0.006110
0.958694,0.183502,-0.218063,0.071379,0.013704,0.024697
0.949524,0.142487,-0.209396,-0.141343,0.014688,0.050110
0.952271,0.162018,-0.202042,0.158675,0.073250,0.090588
0.963165,0.164505,-0.214600,-0.090360,0.020307,0.045617
0.958817,0.158142,-0.216110,-0.016534,0.011106,0.037159
0.968384,0.157715,-0.196991,-0.091068,-0.068330,0.026001
0.953339,0.186401,-0.221039,0.011101,-0.063662,-0.015119
0.954941,0.157639,-0.219086,0.060592,-0.023641,0.034013
0.960281,0.166443,-0.220490,0.054032,0.004025,0.028660
0.957443,0.154236,-0.222473,0.104820,0.036411,0.044601
0.959732,0.156693,-0.209763,0.078789,0.041579,0.042056
0.956375,0.152283,-0.214676,0.082066,0.050081,0.033575
0.961746,0.144989,-0.209747,0.070193,0.043575,0.026933
0.954773,0.157639,-0.205429,0.046388,0.038063,0.020099
0.961823,0.146454,-0.217056,0.022602,0.028278,0.012179
0.963257,0.147919,-0.214600,0.041028,0.029463,0.013556
0.960724,0.151810,-0.208786,0.006426,0.016394,0.002233
0.956863,0.147888,-0.211746,0.021511,0.034662,0.010045
0.969681,0.140640,-0.216980,0.022646,0.023983,0.006810
0.964218,0.143051,-0.211182,0.003106,0.030264,0.006514
0.962601,0.147446,-0.199982,0.010764,0.014294,0.003367
0.963226,0.151825,-0.214111,0.030207,0.033633,0.006974
0.963501,0.136230,-0.188278,-0.023855,0.004433,-0.006871
0.968918,0.149918,-0.198456,0.047598,0.016683,0.009335
0.952362,0.148361,-0.203506,-0.033583,0.000091,-0.010258
0.965958,0.138199,-0.190689,0.026015,0.003688,-0.002844
0.964172,0.161591,-0.216049,0.017296,0.005801,0.003443
0.960602,0.133774,-0.190262,-0.016309,-0.002923,0.005001
0.971024,0.159668,-0.215500,0.030294,0.004830,0.006863
0.970016,0.128937,-0.198944,-0.035893,-0.004049,0.016448
0.970520,0.139679,-0.204773,0.011814,-0.009069,0.021493
0.961197,0.144012,-0.204880,-0.027025,-0.023320,-0.007030
0.964310,0.139633,-0.217529,0.006523,-0.006029,-0.003200
0.968491,0.143570,-0.199921,-0.001098,-0.012430,0.005214
0.961746,0.144012,-0.209747,0.005415,-0.010270,0.003187
0.974426,0.131897,-0.200348,-0.000049,-0.023026,0.016967
0.958221,0.151810,-0.204422,0.008666,-0.019819,0.008558
0.958816,0.140091,-0.208313,0.009737,-0.007040,0.004339
0.968140,0.172333,-0.225266,-0.032297,-0.024554,-0.032811
0.960266,0.132797,-0.203430,-0.007525,-0.008289,-0.010933
0.967117,0.139648,-0.206284,0.014072,-0.010200,0.006541
0.958450,0.145935,-0.221481,-0.009646,-0.017922,-0.014218
0.965591,0.136230,-0.200439,0.000040,-0.019920,-0.000150
0.965134,0.150375,-0.208740,0.016185,-0.001623,0.011962
0.957947,0.134720,-0.215149,-0.034598,-0.021253,-0.011426
0.969070,0.142593,-0.207230,0.023805,-0.009052,0.010986
0.955795,0.140091,-0.200058,-0.028249,-0.002991,0.006941
0.971634,0.139679,-0.216461,0.021630,-0.011186,0.013084
0.957855,0.144485,-0.211746,-0.014103,-0.002945,-0.001387
0.966125,0.133804,-0.203369,0.003113,-0.000589,0.021383
0.958817,0.153259,-0.214661,-0.009857,0.001420,0.012615
0.960800,0.135712,-0.208298,0.003255,-0.004974,-0.001111
0.968689,0.142090,-0.216492,0.005305,0.010039,0.011825
0.963272,0.137680,-0.211685,-0.002199,-0.002849,0.003091
0.956436,0.145935,-0.216629,0.023852,0.001539,-0.002890
0.973999,0.128967,-0.205231,-0.010823,-0.017842,0.001821
0.952347,0.159088,-0.207413,0.023709,0.018692,0.013232
0.956421,0.124481,-0.205917,-0.043357,-0.009531,-0.002964
0.968079,0.145996,-0.208221,0.064975,0.003999,0.011711
0.956985,0.142517,-0.220047,-0.036858,-0.003103,-0.004973
0.963715,0.130859,-0.204361,0.024800,0.014439,0.014305
0.963699,0.142563,-0.208755,-0.013053,0.004538,0.000799
0.966721,0.133789,-0.212616,-0.006505,-0.009289,0.000853
0.957275,0.147415,-0.205414,0.003248,0.001415,-0.003227
0.962753,0.128418,-0.204376,-0.015161,-0.011487,-0.001438
0.965225,0.147934,-0.215561,0.015164,-0.000625,0.000175
0.959839,0.131805,-0.208313,-0.022778,-0.005126,-0.000467
0.964233,0.136719,-0.209717,0.005489,-0.014591,-0.007531
0.960373,0.143509,-0.217560,-0.015041,-0.023299,-0.016467
0.966187,0.134277,-0.208237,-0.011836,-0.023233,-0.007850
0.958374,0.150330,-0.217590,0.003323,-0.007164,-0.011823
0.961304,0.133286,-0.208786,-0.021678,-0.008327,-0.001533
0.963226,0.141586,-0.209244,-0.002155,-0.007143,-0.002276
0.956467,0.140076,-0.216141,-0.017234,-0.023285,-0.012218
0.965302,0.139145,-0.218979,0.002258,-0.017826,-0.009740
0.958893,0.143021,-0.216599,-0.024856,-0.021178,-0.008056
0.961838,0.138641,-0.214630,0.004361,-0.010304,-0.002182
0.962799,0.140121,-0.214615,-0.007496,-0.020018,-0.009908
0.960861,0.142548,-0.217072,-0.016029,-0.037217,-0.026167
0.963821,0.141098,-0.218018,0.003440,-0.046625,-0.011968
0.958038,0.142517,-0.226364,-0.012777,-0.046771,-0.020800
0.965164,0.144516,-0.209717,-0.022442,-0.074574,-0.023205
0.959915,0.146927,-0.221466,-0.023474,-0.098029,-0.020100
0.950272,0.154175,-0.237167,0.042738,-0.097677,-0.029713
0.958588,0.144470,-0.232697,0.055695,-0.093292,-0.021991
0.952225,0.144440,-0.232285,0.039363,-0.103970,-0.005175
0.966370,0.143539,-0.228226,0.064443,-0.127343,-0.016625
0.945908,0.151230,-0.238678,0.018169,-0.198156,-0.043342
0.952927,0.148819,-0.253235,0.021576,-0.220614,-0.058358
0.955750,0.172256,-0.253677,0.078944,-0.223355,-0.037088
0.941254,0.129227,-0.292862,0.004057,-0.246098,-0.015928
0.949387,0.125366,-0.275223,0.043373,-0.305676,-0.032634
0.945038,0.111176,-0.315247,-0.340145,-0.355171,-0.079796
0.932907,0.174042,-0.310486,-0.185029,-0.312778,-0.105990
0.942871,0.152603,-0.358154,-0.503551,-0.367131,-0.137119
0.927353,0.214020,-0.313461,-0.053263,-0.393311,-0.157650
0.910187,0.185120,-0.338516,-0.043060,-0.481940,-0.188860
0.905334,0.209488,-0.353195,0.226296,-0.563636,-0.213646
0.903015,0.201141,-0.403442,0.227898,-0.644942,-0.262096
0.928406,0.190552,-0.394867,0.561299,-0.945288,-0.562824
1.069778,0.283859,-0.609756,1.604227,-1.223401,-1.104422
1.369049,0.523132,-1.225555,1.526856,-2.101730,-1.722369
1.420227,0.690201,-1.287827,2.008827,-3.590019,-2.351635
0.646561,0.506485,-0.614822,3.144969,-3.646479,-2.428450
0.370590,0.327072,-0.437042,2.925011,-2.728051,-2.563451
0.417160,-0.037155,-0.575562,1.950471,-2.296204,-2.682722
0.110168,0.138641,-0.756836,2.571754,-1.963487,-3.206453
-0.038940,0.171967,-0.819885,2.215700,-1.592058,-3.154162
0.104843,-0.000931,-0.824203,1.753563,-1.344841,-3.073041
0.092468,-0.128296,-0.795624,1.575309,-1.123458,-2.550634
0.062225,-0.057693,-0.750107,1.064447,-0.784141,-2.341520
0.050201,-0.258316,-0.844864,0.472215,-0.412446,-1.764327
0.034134,-0.126205,-0.869873,-0.150129,-0.206969,-1.525438
0.076218,-0.062637,-0.985916,0.245105,-0.208393,-1.034058
0.025681,-0.095551,-0.914810,0.244825,-0.192317,-0.613333
-0.002762,-0.173721,-0.870773,-0.129812,-0.142165,-0.178291
-0.003983,-0.079620,-0.936096,-0.380572,-0.187084,-0.115148
-0.031357,-0.214859,-0.874023,-0.102037,-0.006586,0.015354
-0.001343,-0.129425,-1.015060,-0.323451,-0.089682,0.087394
-0.052765,-0.111649,-1.017075,0.093209,-0.066061,0.041884
-0.030304,-0.174942,-1.027084,0.005260,-0.044167,0.048013
-0.009827,-0.119705,-1.004913,-0.099960,-0.026701,0.042069
0.128067,-0.109238,-1.050674,0.120397,-0.207439,0.102804
0.036484,-0.139954,-1.025375,-0.071031,-0.037903,0.109936
0.073273,-0.106094,-1.007889,-0.036438,0.019917,-0.090510
0.087173,-0.104050,-0.984344,0.004858,-0.015012,-0.086753
0.052368,-0.123245,-0.969131,-0.116362,0.023383,-0.150682
0.038010,-0.110641,-0.959045,0.193257,0.177877,-0.132164
0.065155,-0.098801,-0.986526,-0.102994,0.073065,-0.048585
0.072525,-0.092422,-0.991806,-0.032289,0.033941,-0.064700
0.065704,-0.107574,-0.987015,-0.313248,-0.029396,-0.021390
0.074417,-0.099731,-0.983017,-0.219080,-0.053113,0.023958
0.080429,-0.060654,-0.970261,-0.312293,-0.055862,0.014920
