0.029022,0.047592,-1.025711,-0.286166,0.322458,-1.112030
-0.031311,0.067093,-1.000916,-0.205665,0.195803,-0.996888
-0.048523,0.037842,-0.993820,-0.215706,0.216110,-0.974734
-0.038574,0.052628,-0.973251,-0.287331,0.176612,-0.951401
-0.043762,0.068329,-0.957809,-0.261862,0.113755,-0.918131
-0.057068,0.107040,-0.993637,-0.162683,0.068006,-0.902515
-0.065308,0.086029,-0.997131,-0.270059,0.046622,-0.872300
-0.069550,0.136322,-0.985641,-0.262633,0.036134,-0.786270
-0.084900,0.131729,-1.008255,-0.150124,0.020525,-0.644326
-0.115631,0.124725,-1.020905,-0.334449,0.033395,-0.520998
-0.160660,0.161758,-1.005173,-0.301234,0.070958,-0.425660
-0.167847,0.164581,-1.017456,-0.303466,0.101145,-0.268394
-0.195877,0.159653,-1.013519,-0.306155,0.115238,-0.154907
-0.223434,0.172745,-1.012039,-0.205865,0.185774,-0.142934
-0.210587,0.237686,-0.933624,-0.228834,0.273425,-0.047785
-0.233521,0.248749,-0.945694,0.047254,0.312317,0.061972
-0.247589,0.257126,-0.925980,0.136729,0.279511,0.152399
-0.254791,0.347107,-0.953094,0.167070,0.248894,0.299006
-0.259445,0.383514,-0.975647,0.381986,0.284777,0.532568
-0.235764,0.418350,-1.021591,0.814114,0.347682,0.837856
-0.197601,0.352402,-1.127411,0.616144,0.551760,1.082987
-0.078766,0.315475,-1.088425,-0.215314,0.610038,1.282369
-0.038040,0.322845,-1.025009,-0.396475,0.696535,1.410139
0.058380,0.323792,-1.069214,-0.194643,0.777075,1.575399
0.109589,0.174881,-1.051010,-0.438745,0.848621,1.723068
0.182068,0.259094,-0.958542,-0.193771,0.909704,1.741022
0.233688,0.175461,-0.947769,0.019222,0.921620,1.729234
0.278732,0.124786,-0.961533,-0.343065,0.990515,1.678280
0.337997,0.133087,-0.984451,-0.121621,0.870786,1.452694
0.359467,0.080566,-0.903183,0.111873,0.797987,1.214829
0.394165,0.054047,-1.014511,-0.011730,0.735595,1.018003
0.358765,-0.028610,-0.901474,-0.088380,0.716157,0.938046
0.359253,0.003235,-0.875259,0.149641,0.523388,0.992475
0.380615,-0.021667,-0.823257,-0.263623,0.315030,1.035740
0.302307,0.026657,-0.849457,-0.466773,0.080133,1.041948
0.249847,0.072464,-0.831421,-0.186565,-0.250227,1.094332
0.099976,0.012466,-0.844879,0.423006,-0.348896,1.077559
0.063995,-0.113083,-0.940552,0.224583,-0.385561,0.976128
0.127106,-0.051331,-0.778580,0.430053,-0.387075,0.656578
-0.131851,-0.367996,-0.993698,-0.294855,0.340892,0.112587
0.289490,-0.221359,-1.181519,-0.611959,0.010705,0.538202
0.377487,0.136307,-0.745804,-0.557805,0.220298,0.754886
0.391342,0.131699,-0.783051,-0.208423,-0.321233,0.807550
0.297638,-0.308334,-0.931473,-0.263213,-0.429545,0.558429
0.546661,-0.239075,-1.169083,-0.172032,-0.345846,0.221522
0.444733,-0.074539,-1.022156,0.610768,-0.375661,0.406325
0.321411,0.026566,-0.940659,0.385512,-0.306610,0.367583
0.347382,-0.061981,-0.857773,0.262830,-0.089914,0.483578
0.365494,-0.062668,-0.822922,0.357551,0.117042,0.429357
0.326706,-0.079727,-0.947128,0.477529,0.161045,0.500885
0.411118,-0.023468,-0.954193,0.081725,0.072928,0.377590
0.399994,-0.119492,-0.947327,-0.472293,0.044328,0.211054
0.398468,-0.095612,-0.948380,-0.784482,0.079987,0.055952
0.380371,-0.198929,-0.934799,-1.245874,0.046330,-0.014051
0.444260,0.078873,-0.829300,-0.819284,0.109250,0.300832
0.384476,0.052399,-0.896393,-0.583023,0.261324,0.475191
0.359894,0.040131,-0.828125,0.672823,0.293254,0.363992
0.372772,-0.200882,-0.791809,0.557133,0.504090,0.215192
0.458435,-0.120407,-0.821289,0.790170,0.593367,0.465418
0.360397,-0.051392,-0.812805,1.121169,0.721039,0.663646
0.469711,-0.223206,-0.674835,1.076850,0.628185,0.666518
0.535721,-0.561859,-0.817535,1.256188,0.673166,0.131561
0.355743,-0.426239,-1.014954,1.283901,0.903073,-0.150017
0.430954,-0.260300,-1.019012,0.703778,0.780433,0.155271
0.553207,-0.414230,-0.767960,0.278909,0.576756,0.407522
0.579956,-0.471939,-0.804382,0.330902,0.495095,0.627966
0.582932,-0.349899,-0.922913,-0.059966,0.336031,0.767376
0.370300,-0.415024,-0.879440,-0.189495,0.272033,0.836523
0.635971,-0.389069,-0.757935,-0.119634,0.235723,0.786264
0.560028,-0.418091,-0.763946,-0.216531,0.107559,0.764350
0.498398,-0.457321,-0.772141,-0.084748,-0.147293,0.769087
0.492844,-0.411667,-0.865799,-0.229435,-0.170000,0.687363
0.485519,-0.452225,-0.734879,-0.363468,-0.134912,0.691889
0.536987,-0.453537,-0.664932,0.031224,-0.019365,0.664638
0.524551,-0.451065,-0.654922,0.265523,0.096869,0.519800
0.497223,-0.476318,-0.629990,0.574573,0.220603,0.360649
0.475510,-0.439499,-0.724853,0.667083,0.368739,0.234232
0.453476,-0.522095,-0.745453,0.677535,0.343040,0.183190
0.550140,-0.507675,-0.743454,0.435769,0.339422,0.090511
0.490417,-0.571274,-0.680969,0.188347,0.407467,0.091233
0.515152,-0.532104,-0.667526,0.164612,0.403017,0.012727
0.523834,-0.537598,-0.688309,0.076428,0.304416,-0.167159
0.490387,-0.533493,-0.717087,0.133414,0.179384,-0.298995
0.513138,-0.631149,-0.678040,-0.022098,0.082448,-0.149253
0.556137,-0.537231,-0.649338,-0.071448,0.020623,-0.096430
0.691116,-0.561005,-0.546844,-0.001239,-0.039204,-0.171049
0.467545,-0.569489,-0.694489,-0.114738,-0.057591,-0.242834
0.531891,-0.550369,-0.635101,-0.011255,-0.067214,-0.302727
0.490631,-0.515594,-0.735626,-0.036811,0.008606,-0.253578
0.555374,-0.564117,-0.659027,-0.129795,0.014014,-0.172064
0.608765,-0.490646,-0.631577,-0.143868,0.052413,-0.170569
0.600876,-0.531509,-0.686111,-0.258851,0.130403,-0.062345
0.629639,-0.534744,-0.671539,-0.296120,0.251149,0.050453
0.580826,-0.528244,-0.628525,-0.309125,0.272631,0.129408
0.522324,-0.531479,-0.719009,0.034675,0.061847,0.190590
0.576614,-0.527817,-0.705490,-0.041560,-0.049252,0.159018
0.539230,-0.469070,-0.585526,0.316127,-0.010662,0.075522
0.519684,-0.450119,-0.373169,0.398537,0.073504,-0.023359
0.562012,-0.577148,-0.641846,0.323595,0.112961,0.004276
0.578445,-0.559616,-0.722916,0.093549,-0.052481,0.077938
0.567627,-0.547516,-0.660324,-0.099357,-0.169941,0.122413
0.550842,-0.523438,-0.627075,-0.134564,-0.113493,0.090193
0.586883,-0.529327,-0.575363,0.121922,-0.018354,0.057423
0.581329,-0.534576,-0.628006,0.220433,0.074526,0.042265
0.545670,-0.596817,-0.661041,0.359426,0.107787,0.068016
0.592834,-0.567703,-0.698822,0.396990,0.045978,0.086387
0.640869,-0.597885,-0.783157,0.213999,0.139746,0.114291
0.628922,-0.598755,-0.551163,0.051303,0.042441,0.084824
0.564224,-0.614471,-0.682617,-0.155015,0.112502,0.005520
0.630951,-0.556992,-0.435379,0.248366,0.026565,0.053917
0.518127,-0.531891,-0.637787,0.158560,0.142786,0.062159
0.543076,-0.552780,-0.564819,0.276163,0.188796,0.072493
0.554413,-0.547623,-0.599701,0.209754,0.185606,0.108287
0.588501,-0.545715,-0.550476,0.196429,0.105627,0.134920
0.567688,-0.584595,-0.594040,0.075570,0.121494,0.124821
0.566284,-0.538956,-0.480270,0.153661,0.089523,0.103562
0.563156,-0.554413,-0.528961,0.111608,0.124523,0.021127
0.526840,-0.597916,-0.459351,0.236252,0.111786,-0.007384
0.562881,-0.621674,-0.595001,0.132177,0.182148,0.017386
0.615906,-0.628601,-0.561035,0.017817,0.120290,0.083451
0.576630,-0.648895,-0.589355,-0.221086,-0.057017,0.096031
0.549057,-0.633575,-0.619049,-0.296120,-0.251343,0.056976
0.576401,-0.629318,-0.578705,-0.512446,-0.280474,-0.000774
0.541809,-0.578293,-0.446503,-0.028987,-0.216068,-0.040332
0.488419,-0.605988,-0.482330,0.129237,-0.100769,-0.076585
0.500793,-0.696503,-0.535461,0.406417,0.004119,-0.044900
0.494202,-0.657745,-0.497208,0.545184,0.068349,-0.003466
0.471420,-0.741547,-0.691574,0.226488,0.026584,0.072989
0.460632,-0.704941,-0.540955,0.082126,0.016940,0.120889
0.444473,-0.695816,-0.482330,0.209343,0.138567,0.061694
0.459915,-0.695541,-0.591125,0.101690,0.173615,0.034325
0.474762,-0.695328,-0.567032,-0.042611,0.120219,0.078501
0.539688,-0.670898,-0.514450,-0.071672,0.111645,0.070793
0.513550,-0.666763,-0.540192,-0.010285,0.091305,0.008434
0.523651,-0.645432,-0.561981,-0.089746,-0.012170,0.051824
0.517319,-0.633301,-0.567474,-0.266236,-0.177498,0.158242
0.592941,-0.624100,-0.537079,-0.287217,-0.227594,0.190847
0.622055,-0.595413,-0.488495,-0.179156,-0.134829,0.111441
0.676498,-0.583008,-0.550446,-0.102689,-0.103787,0.127953
0.779099,-0.459564,-0.506744,-0.173282,-0.189304,0.078955
0.652420,-0.513489,-0.498428,-0.137076,-0.191478,0.039692
0.562561,-0.580887,-0.549835,-0.144242,-0.126463,0.010880
0.556961,-0.587143,-0.535797,-0.043606,-0.113583,-0.001060
0.617310,-0.589874,-0.531418,-0.057815,-0.146647,0.011012
0.592361,-0.595078,-0.568802,-0.077152,-0.108273,0.002797
0.579956,-0.622543,-0.587418,-0.015398,-0.036761,-0.010336
0.566574,-0.670685,-0.634247,0.034124,-0.030289,0.001915
0.585983,-0.677277,-0.680649,0.046413,-0.038866,-0.026797
0.561142,-0.677002,-0.630920,-0.044214,-0.058176,-0.035041
0.491379,-0.667725,-0.598953,-0.008706,-0.043184,-0.025195
0.466247,-0.605255,-0.508972,-0.013652,-0.006979,-0.057897
0.459396,-0.617676,-0.539719,0.103691,0.063452,-0.105807
0.461624,-0.665726,-0.579971,0.095690,0.042168,-0.074512
0.449570,-0.689499,-0.558685,0.067395,-0.013310,-0.059086
0.478683,-0.684341,-0.600586,0.015878,-0.061412,-0.082615
0.457291,-0.712296,-0.545853,0.116350,-0.096523,-0.082141
0.446609,-0.694092,-0.587921,0.027882,-0.109428,-0.090444
0.410370,-0.686722,-0.564194,-0.013134,-0.107340,-0.093063
0.414139,-0.707535,-0.613724,-0.119766,-0.148942,-0.038975
0.421524,-0.680298,-0.556244,-0.121835,-0.129753,-0.045682
0.433350,-0.673248,-0.528809,-0.026522,-0.066751,-0.063699
0.398285,-0.695602,-0.575073,-0.043271,-0.044285,-0.025556
0.407761,-0.672058,-0.557449,0.010283,0.029445,0.006247
0.427490,-0.650879,-0.534302,0.166178,0.138368,-0.018146
0.433289,-0.677063,-0.587204,0.175989,0.131967,-0.024389
0.435318,-0.708954,-0.617279,0.037029,0.065781,0.024301
0.467041,-0.697143,-0.543793,0.025253,0.079625,0.016486
0.505966,-0.670807,-0.557343,0.095889,0.078568,-0.012766
0.549698,-0.675507,-0.621368,0.034564,-0.019524,0.046838
0.547714,-0.652130,-0.623886,-0.193490,-0.085877,0.054874
0.588669,-0.561386,-0.558716,-0.222413,-0.084872,0.037386
0.643509,-0.563263,-0.643005,-0.140088,-0.086805,0.098373
0.691071,-0.479630,-0.622009,-0.229375,-0.036495,0.223325
0.487091,-0.529236,-0.663116,-0.232037,0.086107,0.180940
0.406158,-0.329391,-0.705292,0.099437,0.155649,0.117136
0.656601,-0.398895,-0.566284,0.136437,0.086300,0.099130
0.661438,-0.486496,-0.546051,-0.017131,0.075507,0.110475
0.620880,-0.488159,-0.558853,0.024765,0.089299,0.050684
0.578857,-0.511963,-0.599396,-0.043102,-0.000415,0.038235
0.557053,-0.514099,-0.618225,-0.204049,-0.075253,0.037459
0.577042,-0.532257,-0.573578,-0.090600,0.008070,0.035464
0.615570,-0.595291,-0.608337,0.217158,0.057466,0.044607
0.560532,-0.644547,-0.660690,0.007057,0.011461,0.081537
0.538101,-0.639816,-0.671280,-0.067079,-0.008943,0.053103
0.522415,-0.645981,-0.640854,-0.133670,-0.020797,0.025718
0.506195,-0.606628,-0.582809,-0.034556,0.042132,-0.031942
0.470062,-0.621155,-0.625214,-0.062730,0.012242,-0.025428
0.468826,-0.621048,-0.609161,-0.119143,0.002621,-0.008752
0.461395,-0.619858,-0.573273,-0.004750,0.033688,-0.000404
0.457397,-0.652191,-0.595154,0.067440,0.056187,0.012958
0.432327,-0.695526,-0.649002,0.004607,0.038015,0.025384
0.392090,-0.697388,-0.618973,-0.062102,0.017792,0.082843
0.319290,-0.662262,-0.584686,-0.122591,-0.007718,0.158677
0.345352,-0.655655,-0.557022,-0.061856,-0.034210,0.218678
0.276688,-0.685593,-0.557083,-0.004790,-0.004410,0.155623
0.388672,-0.681381,-0.559677,0.242994,0.030984,0.127824
0.416595,-0.737442,-0.639893,0.169282,-0.030017,0.069891
0.467102,-0.706543,-0.703903,-0.007502,-0.171070,0.044057
0.453247,-0.658600,-0.674545,-0.173407,-0.288498,0.088830
0.479782,-0.619843,-0.650848,-0.250648,-0.287427,0.126596
0.499359,-0.584274,-0.590271,-0.096351,-0.131644,0.061889
0.527847,-0.605560,-0.649628,0.174876,-0.091000,-0.019356
0.512253,-0.621948,-0.686340,-0.038039,-0.136002,-0.012505
0.496735,-0.593887,-0.640915,-0.047001,-0.101824,0.009482
0.485336,-0.602158,-0.631821,0.021874,-0.017440,0.027367
0.511612,-0.604416,-0.616791,0.143432,0.067945,-0.013185
0.538635,-0.633499,-0.675674,0.139672,0.068931,-0.052923
0.525940,-0.658630,-0.707458,0.013168,0.059224,-0.045588
0.519775,-0.619400,-0.601532,0.064059,0.126466,-0.054492
0.496796,-0.600296,-0.580048,0.134422,0.172390,-0.065049
0.479294,-0.604324,-0.591034,0.141998,0.130789,-0.065499
0.466660,-0.648727,-0.591614,0.173370,0.084936,-0.067783
0.492706,-0.681992,-0.617889,0.130374,0.066730,-0.083028
0.476593,-0.697662,-0.621506,0.051839,0.022867,-0.105836
0.438232,-0.678268,-0.621201,-0.035563,-0.030578,-0.112531
0.404358,-0.647461,-0.595047,-0.074557,-0.031665,-0.105428
0.411758,-0.629227,-0.569656,-0.033994,0.038852,-0.071582
0.421173,-0.637512,-0.573380,0.075547,0.087059,-0.025967
0.438629,-0.655334,-0.619293,0.064713,0.047582,-0.023423
0.449295,-0.679535,-0.668716,-0.072606,-0.026147,-0.014304
0.458359,-0.663589,-0.623352,-0.046423,-0.043230,-0.032036
0.455215,-0.653290,-0.612228,-0.024896,-0.023994,-0.026687
0.463425,-0.641037,-0.605789,-0.071465,-0.010152,-0.018790
0.456223,-0.631653,-0.586456,-0.012130,-0.017552,-0.012688
0.461380,-0.631271,-0.602448,-0.044808,-0.015414,0.006235
0.482605,-0.618378,-0.580231,0.028671,0.013465,0.004519
0.481216,-0.624252,-0.584137,0.037466,0.037987,-0.006433
0.477448,-0.615585,-0.596390,-0.025004,0.015501,-0.019686
0.435211,-0.581390,-0.570374,-0.106975,-0.019807,-0.028703
0.402298,-0.457947,-0.401321,0.003872,0.019680,-0.075210
0.343399,-0.377075,-0.385910,0.008634,-0.073197,-0.105063
0.309097,-0.349670,-0.426926,-0.195338,-0.260124,-0.117722
0.369400,-0.392365,-0.349915,-0.169700,-0.212963,-0.021517
0.422516,-0.454956,-0.471100,0.035729,-0.100764,-0.034682
0.417450,-0.539795,-0.540573,0.150260,-0.085721,-0.035781
0.432938,-0.563187,-0.616699,-0.031119,-0.282216,-0.041637
0.432510,-0.602829,-0.709091,-0.186528,-0.401878,-0.051426
0.418274,-0.586197,-0.553589,-0.089100,-0.285522,-0.066893
0.469193,-0.591782,-0.606796,0.279501,-0.033419,-0.084401
0.482574,-0.665222,-0.727600,0.070083,-0.049648,-0.096119
0.478531,-0.663513,-0.689224,0.129704,-0.156304,-0.109102
0.504913,-0.704483,-0.704758,-0.278980,-0.259986,-0.009221
0.451843,-0.659561,-0.742233,-0.316803,-0.312295,-0.007877
0.483200,-0.618866,-0.650314,-0.181277,-0.274741,0.033867
0.467163,-0.642075,-0.687988,-0.151278,-0.219350,-0.025520
0.459274,-0.646683,-0.716827,-0.013426,-0.172370,-0.071833
0.463730,-0.657349,-0.780975,-0.078067,-0.230983,-0.007415
0.454880,-0.671494,-0.777679,-0.195228,-0.264098,0.027142
0.499634,-0.660950,-0.751678,-0.024378,-0.148735,0.014627
0.507034,-0.671829,-0.846939,0.038012,-0.106114,-0.043170
0.496063,-0.753494,-0.948654,-0.107354,-0.149913,-0.000204
0.513336,-0.739136,-0.925522,-0.055657,-0.128503,0.010806
0.534988,-0.789963,-0.950851,-0.093266,-0.123233,-0.003615
0.519135,-0.787460,-1.005631,-0.141570,-0.117991,-0.025662
0.514893,-0.747177,-0.961014,-0.161958,-0.125496,-0.035437
0.488052,-0.688461,-0.918259,-0.085799,-0.109494,-0.073432
0.443619,-0.688706,-0.935043,-0.128366,-0.116943,-0.042692
0.453995,-0.646393,-0.883377,-0.138635,-0.128609,-0.004034
0.407883,-0.593521,-0.832169,-0.118918,-0.058216,-0.024042
0.386536,-0.569885,-0.789734,0.037920,-0.017551,-0.037884
0.404251,-0.578339,-0.822525,-0.062200,-0.031414,0.013768
0.354858,-0.562073,-0.775650,0.010719,-0.042089,-0.023917
0.385254,-0.551468,-0.805374,-0.128837,-0.068868,-0.010068
0.391388,-0.528503,-0.730850,0.060406,-0.005764,-0.023847
0.375427,-0.552963,-0.805527,-0.049483,-0.030453,-0.045103
0.374649,-0.551361,-0.786560,-0.018598,0.061389,-0.014853
0.390610,-0.542236,-0.741058,0.181554,0.207703,-0.037103
0.387802,-0.532074,-0.752319,0.372105,0.401998,-0.068661
0.425171,-0.610779,-0.867371,0.266464,0.454289,-0.009351
0.448227,-0.611725,-0.802750,0.074558,0.529951,0.038001
0.480331,-0.611984,-0.783264,0.389512,0.557912,-0.002920
0.525665,-0.633835,-0.788803,0.394383,0.641204,0.033592
0.485367,-0.614288,-0.695068,0.486181,0.601826,0.036176
0.435242,-0.533691,-0.581192,0.465684,0.538708,-0.041527
0.346588,-0.417770,-0.489441,0.278906,0.464893,-0.049038
0.218079,-0.273514,-0.302978,0.131577,0.355988,-0.019190
0.132736,-0.248306,-0.219223,0.138504,0.199408,0.104126
0.257370,-0.304077,-0.298386,0.031389,-0.031877,0.271152
0.298355,-0.455658,-0.380112,-0.054492,-0.208982,0.311135
0.499847,-0.641068,-0.484009,0.006706,-0.062099,0.107164
0.626343,-0.771011,-0.575134,0.285493,0.202437,-0.053067
0.609695,-0.776611,-0.672241,0.261028,0.257838,-0.080867
0.465240,-0.669159,-0.654373,-0.097193,0.058076,-0.033897
0.390427,-0.550415,-0.443146,-0.236762,0.017583,0.057361
0.341003,-0.430023,-0.285553,-0.069973,0.093429,0.027078
0.250336,-0.310837,-0.286316,-0.205028,0.041940,-0.047732
0.240005,-0.227921,-0.204910,-0.027717,-0.242909,-0.130060
0.264587,-0.430008,-0.392883,-0.371147,-0.506467,0.017655
0.391174,-0.477051,-0.409241,-0.641995,-0.382867,0.069957
0.370254,-0.463394,-0.328812,0.185629,-0.124205,-0.091746
0.432327,-0.637329,-0.690994,0.019560,-0.127304,0.039498
0.511154,-0.655502,-0.672165,-0.088368,-0.268247,0.033722
0.502777,-0.724121,-0.721786,-0.078588,-0.255596,-0.046784
0.552185,-0.701492,-0.713745,-0.026739,-0.179799,-0.047206
0.467773,-0.710693,-0.810486,-0.070051,-0.270512,-0.038993
0.507446,-0.715134,-0.834656,-0.362047,-0.352745,0.059734
0.484116,-0.675476,-0.729996,-0.237554,-0.297182,0.041059
0.483841,-0.643967,-0.686264,-0.023709,-0.144563,-0.032617
0.510788,-0.674927,-0.803543,0.047290,-0.030447,-0.089102
0.549683,-0.726212,-0.832489,0.027973,-0.071942,-0.021200
0.527863,-0.771622,-0.905746,-0.072013,-0.085820,0.020805
0.568375,-0.783096,-0.888031,-0.100629,-0.087907,0.058064
0.552322,-0.801224,-0.895065,-0.051247,-0.039959,0.003272
0.628281,-0.844666,-1.003265,-0.149649,-0.076315,0.010183
0.590668,-0.852432,-0.982910,-0.090759,-0.152081,-0.027879
0.578156,-0.809997,-0.975922,-0.159919,-0.152148,-0.026487
0.565796,-0.762543,-0.947510,-0.151324,-0.101989,-0.023826
0.487457,-0.715958,-0.874893,0.008725,-0.001573,-0.036263
0.442123,-0.689453,-0.901474,-0.127589,-0.059288,-0.021979
0.458069,-0.619003,-0.802094,-0.087623,-0.106190,-0.020935
0.412674,-0.591278,-0.793640,-0.226084,-0.169243,-0.007675
0.404282,-0.577438,-0.761688,-0.170006,-0.180909,-0.000477
0.360077,-0.542542,-0.703583,-0.073158,-0.144639,-0.050308
0.386414,-0.550125,-0.753754,-0.080823,-0.129699,-0.043081
0.357468,-0.543411,-0.757156,-0.120150,-0.112607,-0.012624
0.371933,-0.531296,-0.773987,-0.077569,-0.042214,-0.045252
0.374115,-0.517319,-0.727264,0.109515,0.123304,-0.060386
0.381973,-0.543320,-0.754333,0.247914,0.321858,-0.071113
0.456390,-0.549561,-0.769669,0.347367,0.493709,-0.077629
0.431763,-0.607971,-0.817627,0.267920,0.501186,-0.036751
0.470337,-0.632065,-0.862701,0.037968,0.405073,0.029571
0.492264,-0.630524,-0.789352,0.114918,0.436053,0.011771
0.507553,-0.636185,-0.697586,0.320151,0.608021,0.011769
0.518936,-0.627472,-0.640961,0.560926,0.729893,0.020308
0.477005,-0.568146,-0.576553,0.547354,0.728747,-0.013075
0.349106,-0.424164,-0.429016,0.333126,0.537466,-0.064405
0.191299,-0.292892,-0.346191,-0.050580,0.237334,-0.047514
0.160187,-0.229431,-0.251450,-0.200583,-0.026043,0.096938
0.221695,-0.242996,-0.192993,-0.264402,-0.165702,0.180650
0.277283,-0.473709,-0.443680,-0.072401,-0.299745,0.279941
0.548813,-0.679230,-0.595581,-0.296458,-0.182852,0.155854
0.642288,-0.810455,-0.645844,0.147625,0.287596,-0.083557
0.608826,-0.741165,-0.622696,0.434325,0.487166,-0.191371
0.440079,-0.590820,-0.597046,0.040487,0.235090,-0.146252
0.301651,-0.409332,-0.379685,-0.277811,0.083536,-0.020098
0.256805,-0.279266,-0.234207,-0.202151,-0.010127,0.054879
0.145248,-0.093094,-0.198959,-0.138226,-0.130800,-0.032962
0.159760,-0.179794,-0.264221,-0.221397,-0.379307,0.045520
0.263000,-0.384934,-0.361374,-0.419141,-0.545616,0.203211
0.376022,-0.489777,-0.410919,-0.404113,-0.312255,0.054460
0.494324,-0.555817,-0.492096,0.298559,-0.081502,-0.132906
0.576889,-0.711349,-0.880280,0.200140,-0.226672,-0.123505
0.602661,-0.747192,-0.857391,-0.311996,-0.475434,0.036129
0.542542,-0.642471,-0.704315,-0.312620,-0.359211,0.002435
0.472000,-0.685364,-0.675156,0.118416,-0.126216,0.000873
0.561996,-0.656616,-0.784271,0.067951,0.048657,-0.023397
0.579681,-0.686325,-0.716751,0.309896,0.148116,-0.020988
0.564545,-0.733749,-0.871185,0.089752,0.014511,-0.036662
0.609787,-0.759247,-0.839722,-0.050168,-0.070894,0.003688
0.638931,-0.805008,-0.842560,-0.161377,-0.084729,0.075598
0.629791,-0.790024,-0.857346,0.038149,0.028448,0.021594
0.659058,-0.838486,-0.899109,0.191290,-0.009928,-0.035242
0.664078,-0.886200,-0.961212,-0.011708,-0.161632,-0.040841
0.664688,-0.875580,-0.907196,-0.088901,-0.214983,-0.005592
0.643051,-0.808487,-0.854660,-0.011601,-0.108307,-0.049043
0.630691,-0.750534,-0.858887,0.139271,-0.014374,-0.100107
0.575897,-0.722809,-0.845718,0.069153,-0.002569,-0.031301
0.529968,-0.676086,-0.837311,-0.062489,-0.031373,0.034145
0.505402,-0.616089,-0.752182,-0.055140,-0.129486,0.050517
0.424789,-0.662262,-0.769913,-0.209026,-0.230919,0.085559
0.428970,-0.573090,-0.707748,-0.198334,-0.251315,0.017292
0.397369,-0.567261,-0.697571,-0.122981,-0.203349,-0.040437
0.403809,-0.555145,-0.639572,0.078341,-0.105055,-0.068485
0.390762,-0.592178,-0.773544,0.020880,-0.148825,-0.053526
0.409607,-0.578629,-0.724106,-0.092098,-0.127506,-0.009975
0.384125,-0.556107,-0.700241,-0.039930,0.002656,-0.033626
0.427155,-0.566132,-0.686386,0.153408,0.206618,-0.033102
0.406723,-0.608322,-0.786392,0.121000,0.251400,-0.034030
0.475876,-0.604675,-0.781403,0.027210,0.213024,0.028733
0.453537,-0.624374,-0.731094,-0.021428,0.239652,0.030005
0.494888,-0.617767,-0.707565,0.113869,0.402973,0.010042
0.487091,-0.637985,-0.738800,0.219620,0.515114,0.017245
0.551224,-0.650864,-0.724106,0.257792,0.535525,0.067811
0.515808,-0.633957,-0.660461,0.296617,0.568645,0.072094
0.512451,-0.605850,-0.543762,0.490424,0.629583,0.041229
0.477432,-0.583038,-0.474289,0.573904,0.658424,0.020304
0.448456,-0.510406,-0.392181,0.490376,0.538754,-0.030533
0.320557,-0.420593,-0.393951,0.025050,0.227800,-0.047646
0.214539,-0.273788,-0.201797,-0.145834,-0.036914,-0.031042
0.165344,-0.256302,-0.262009,-0.307796,-0.255638,0.041903
0.291946,-0.325592,-0.180481,-0.137913,-0.425753,0.254050
0.478378,-0.614578,-0.592957,-0.324813,-0.451539,0.254498
0.691635,-0.784027,-0.508347,0.219116,-0.016264,-0.016622
0.717682,-0.868042,-0.684418,0.474674,0.252592,-0.138548
0.563705,-0.783844,-0.713364,-0.079228,-0.008147,-0.081110
0.399429,-0.574585,-0.417145,-0.139367,-0.021972,-0.030096
0.331848,-0.465179,-0.289993,0.261319,0.243013,-0.024893
0.362579,-0.443802,-0.312424,0.331164,0.376340,-0.076279
0.301346,-0.317810,-0.186188,0.138615,0.332298,-0.134646
0.190918,-0.114502,-0.068695,0.407728,0.072987,-0.291403
0.232330,-0.496277,-0.516876,-0.258729,-0.475122,0.165424
0.454895,-0.376511,-0.420135,-0.944842,-0.587943,0.097224
0.427551,-0.415710,-0.296371,0.046117,-0.261939,-0.079668
0.482025,-0.575272,-0.550659,0.027785,-0.272632,-0.081876
0.528061,-0.706833,-0.772049,-0.306624,-0.502097,0.038678
0.577850,-0.702774,-0.626694,-0.518296,-0.602593,0.034470
0.542145,-0.652618,-0.549988,-0.014556,-0.322784,-0.066665
0.484833,-0.679565,-0.618011,0.301951,-0.350211,-0.063943
0.498260,-0.699905,-0.814392,-0.304906,-0.412413,0.068643
0.534576,-0.667755,-0.692688,-0.118993,-0.288492,0.060471
0.516495,-0.701401,-0.755692,0.029702,-0.054955,-0.067517
0.566589,-0.777115,-0.868607,0.056053,0.052917,-0.022507
0.567200,-0.759476,-0.784912,0.260223,0.022175,-0.020965
0.563644,-0.852814,-0.886963,0.055556,0.124617,0.088110
0.641495,-0.845413,-0.905212,0.021323,0.150142,0.063810
0.628754,-0.891235,-0.899460,-0.000890,0.168192,0.030084
0.688889,-0.907013,-0.878998,0.057439,0.103172,0.031563
0.675919,-0.901382,-0.835892,0.070067,0.062532,-0.020339
0.640091,-0.887054,-0.933853,-0.178042,-0.079648,-0.044782
0.599518,-0.805771,-0.865585,-0.272637,-0.222617,0.000021
0.572128,-0.701080,-0.733383,-0.229811,-0.208649,0.027124
0.499817,-0.667862,-0.762848,-0.166796,-0.160630,0.001441
0.483093,-0.623413,-0.674149,-0.009685,-0.107200,-0.031870
0.418457,-0.649170,-0.776367,-0.078786,-0.183020,-0.033783
0.429001,-0.622009,-0.731979,-0.196051,-0.312142,0.009524
0.410721,-0.572571,-0.765488,-0.317841,-0.346435,-0.010655
0.355713,-0.565735,-0.671463,-0.170555,-0.218326,-0.037541
0.357620,-0.563217,-0.731796,-0.131654,-0.095598,-0.039782
0.386826,-0.584122,-0.805756,-0.125082,-0.057198,-0.046645
0.415314,-0.545914,-0.718750,-0.068227,-0.005876,-0.018805
0.365616,-0.579285,-0.801239,-0.141680,0.105007,-0.021040
0.423737,-0.552734,-0.722000,-0.021489,0.226858,0.034460
0.449387,-0.544968,-0.668060,0.103566,0.426368,-0.025765
0.464188,-0.602844,-0.724640,0.296338,0.481965,-0.059790
0.517456,-0.655075,-0.825394,-0.014857,0.423147,0.021259
0.534607,-0.651382,-0.792999,-0.051168,0.301579,0.069635
0.534515,-0.650146,-0.755035,-0.148810,0.354887,0.097918
0.597519,-0.605621,-0.614441,0.390455,0.543153,0.083100
0.564590,-0.655319,-0.667419,0.581478,0.690438,0.018902
0.517868,-0.591400,-0.642517,0.412892,0.581311,-0.052307
0.357513,-0.416321,-0.497543,0.152720,0.421916,-0.139951
0.197357,-0.229706,-0.304398,0.006561,0.230852,-0.115458
0.130615,-0.201981,-0.216934,0.049909,0.151166,0.028710
0.183243,-0.248398,-0.182404,0.003817,0.065114,0.233131
0.326187,-0.486084,-0.491547,-0.094700,-0.271622,0.480996
0.543228,-0.633713,-0.496475,-0.254483,-0.292675,0.168463
0.703217,-0.840286,-0.612183,0.350405,0.104032,-0.210907
0.663895,-0.827133,-0.737946,0.296286,0.273475,-0.282342
0.497498,-0.633224,-0.618896,0.108307,0.146490,-0.204431
0.359848,-0.475769,-0.352310,0.023494,0.093294,-0.088817
0.340698,-0.389954,-0.272507,0.039198,0.183149,0.021743
0.320862,-0.264359,-0.219589,0.188064,0.258006,0.036335
0.226608,-0.156631,-0.114273,0.232072,0.114670,-0.170494
0.181854,-0.218246,-0.193207,0.290967,-0.251135,-0.128639
0.315765,-0.450043,-0.490829,-0.781593,-0.764597,0.243951
0.405533,-0.417007,-0.332733,-0.401787,-0.669671,0.047330
0.521896,-0.563782,-0.527161,0.025215,-0.384599,-0.051490
0.519165,-0.625671,-0.593262,0.144852,-0.288575,-0.109355
0.494919,-0.722946,-0.689789,0.149618,-0.311955,-0.063954
0.593475,-0.728394,-0.743195,-0.094713,-0.308812,0.024528
0.561173,-0.699097,-0.723831,0.131364,-0.328905,0.004717
0.539383,-0.775864,-0.888031,-0.343210,-0.362086,0.179128
0.537476,-0.630768,-0.632858,-0.113483,-0.143258,0.127293
0.550491,-0.661529,-0.643295,0.196083,0.098984,0.006303
0.591919,-0.739288,-0.767532,0.193298,0.085047,-0.025726
0.600250,-0.808304,-0.880646,-0.009119,-0.096305,0.080623
0.592133,-0.840347,-0.857819,-0.177456,-0.207299,0.144591
0.646225,-0.847809,-0.830658,-0.130267,-0.131606,0.091567
0.677353,-0.898392,-0.897202,0.047230,-0.081491,-0.007986
0.682022,-0.944641,-1.031372,-0.056465,-0.117871,-0.008645
0.681915,-0.911041,-0.966705,-0.061458,-0.153137,-0.037199
0.626129,-0.877960,-0.954056,-0.130680,-0.068911,-0.032609
0.610626,-0.760147,-0.829971,0.052188,0.078454,-0.055059
0.532806,-0.689926,-0.796341,0.143803,0.092289,-0.116457
0.499115,-0.697144,-0.839218,-0.172958,-0.119075,-0.021692
0.449844,-0.630600,-0.713120,-0.258886,-0.230026,0.020652
0.414917,-0.572784,-0.656876,-0.151722,-0.113819,-0.071943
0.420944,-0.570160,-0.633423,0.048153,0.022780,-0.150919
0.408340,-0.576614,-0.643341,0.056339,0.080463,-0.119399
0.421249,-0.595306,-0.743851,-0.020807,0.018570,-0.087257
0.446533,-0.598053,-0.727860,-0.100938,-0.105236,-0.072575
0.429535,-0.577988,-0.711136,-0.238273,-0.145891,-0.062813
0.417374,-0.554535,-0.628159,-0.085332,-0.040207,-0.107570
0.453659,-0.565079,-0.686447,-0.081101,0.062225,-0.102422
0.460037,-0.598114,-0.743210,-0.100132,0.027094,-0.054976
0.477097,-0.585846,-0.737137,-0.145816,0.096594,0.042310
0.436539,-0.584137,-0.686676,-0.029216,0.270613,0.045605
0.478363,-0.598404,-0.721512,-0.062868,0.487176,0.054227
0.538971,-0.588638,-0.673828,0.391230,0.505703,0.028887
0.561539,-0.690399,-0.875717,-0.073837,0.428668,0.142829
0.602020,-0.623611,-0.680038,0.045473,0.387257,0.186491
0.565414,-0.631119,-0.693268,0.260426,0.405455,0.112433
0.550217,-0.570129,-0.609924,0.289756,0.404240,0.024808
0.425644,-0.425339,-0.488144,0.147154,0.314334,-0.050657
0.258987,-0.282990,-0.279907,0.018341,0.190486,-0.031144
0.202972,-0.197250,-0.197784,0.007904,0.048688,0.021001
0.178314,-0.216476,-0.218567,-0.077989,-0.031180,0.136951
0.285339,-0.369400,-0.380035,-0.088588,-0.169608,0.277002
0.467377,-0.632751,-0.608185,-0.114406,-0.114171,0.268494
0.662811,-0.785522,-0.644119,0.209061,0.330501,0.002363
0.723038,-0.832687,-0.719940,0.488151,0.513916,-0.178261
0.541519,-0.707153,-0.752838,-0.143815,0.171908,-0.176393
0.357742,-0.460403,-0.314896,0.047637,0.040990,-0.114690
0.300552,-0.339005,-0.289825,-0.010931,0.074187,-0.022441
0.222733,-0.133621,-0.026764,0.359612,0.247227,-0.100037
0.131882,-0.108932,-0.157272,0.419660,0.128774,-0.142899
0.165924,-0.354279,-0.471558,-0.246433,-0.393938,0.211695
0.375458,-0.472885,-0.504898,-0.933374,-0.724891,0.433788
0.550446,-0.556686,-0.216187,-0.108691,-0.340691,0.096654
0.547760,-0.660004,-0.562546,0.248185,-0.173357,-0.160148
0.534302,-0.691940,-0.734009,-0.205315,-0.600275,-0.019023
0.532150,-0.691589,-0.753036,-0.632836,-0.650559,0.113221
0.576858,-0.643250,-0.478882,-0.104688,-0.131538,0.116507
0.522659,-0.672821,-0.714783,0.206503,0.054086,-0.042344
0.560730,-0.774658,-0.934906,-0.219570,-0.387796,0.069245
0.496201,-0.705444,-0.839249,-0.666472,-0.591897,0.122817
0.482590,-0.595703,-0.614853,-0.278373,-0.358066,0.025316
0.508957,-0.662598,-0.782684,0.058260,-0.088982,-0.023861
0.559158,-0.711639,-0.845032,0.189513,0.060578,0.013160
0.547226,-0.743423,-0.924484,0.277112,0.149044,-0.070706
0.573944,-0.815247,-0.956497,0.259221,0.207793,-0.028754
0.608109,-0.840103,-0.970001,0.103159,0.176774,0.006426
0.662415,-0.835037,-0.895172,0.100296,0.143648,-0.019989
0.661011,-0.839722,-0.866455,0.144111,0.163875,-0.062682
0.607300,-0.823456,-0.889755,0.129475,0.095511,-0.096281
0.594238,-0.791168,-0.939194,-0.192264,-0.175658,-0.030823
0.542038,-0.735794,-0.876892,-0.509696,-0.358275,0.034601
0.505447,-0.619293,-0.722488,-0.365881,-0.296275,0.024632
0.449493,-0.554260,-0.672424,-0.132352,-0.163936,-0.065724
0.439133,-0.580032,-0.728500,-0.041558,-0.146782,-0.069247
0.449341,-0.572601,-0.786285,-0.271983,-0.231091,0.030172
0.424194,-0.510361,-0.727448,-0.175955,-0.191661,-0.037948
0.402893,-0.541275,-0.678558,-0.001515,-0.067807,-0.075202
0.437088,-0.529144,-0.700424,0.094667,-0.017579,-0.078030
0.385300,-0.553436,-0.808777,-0.039122,-0.141490,-0.088604
0.421188,-0.549240,-0.779968,-0.186025,-0.209759,-0.013152
0.394623,-0.502869,-0.689972,-0.029689,-0.135038,-0.068204
0.404282,-0.516129,-0.709259,0.083942,-0.011200,-0.083595
0.407608,-0.552765,-0.790405,0.024046,0.047488,-0.050681
0.426437,-0.535797,-0.740982,0.080778,0.112699,-0.014437
0.420502,-0.564957,-0.796494,0.002507,0.170297,0.019356
0.430161,-0.558044,-0.787109,0.078452,0.235406,-0.004260
0.452042,-0.572754,-0.739029,0.241559,0.350787,-0.003987
0.489243,-0.610794,-0.755859,0.358279,0.493854,-0.008866
0.504547,-0.622696,-0.791122,0.302369,0.577132,0.047371
0.535049,-0.594437,-0.736176,0.428371,0.580510,0.075511
0.489700,-0.638046,-0.748978,0.291556,0.554870,0.124771
0.510574,-0.587128,-0.583755,0.472264,0.524064,0.104607
0.509918,-0.575638,-0.543884,0.478195,0.525063,0.067119
0.423187,-0.429108,-0.328522,0.356514,0.570610,-0.037772
0.243210,-0.320267,-0.236755,0.284065,0.371047,-0.030603
0.183243,-0.235733,-0.184860,0.013993,-0.059008,0.050350
0.230621,-0.299667,-0.284225,-0.305185,-0.320327,0.240130
0.381699,-0.543976,-0.355682,-0.167072,-0.337086,0.328733
0.583725,-0.724976,-0.526764,0.013432,-0.057865,0.090013
0.703476,-0.882706,-0.684113,0.231028,0.291908,-0.098803
0.627502,-0.796356,-0.645142,0.101817,0.260784,-0.128764
0.415909,-0.542252,-0.472931,-0.194532,-0.037109,-0.101299
0.265137,-0.312347,-0.227661,-0.300419,-0.275120,-0.097215
0.198990,-0.120895,-0.081696,-0.145375,-0.176900,-0.137570
0.114410,-0.127853,-0.136093,0.044110,-0.222649,-0.167094
0.068008,-0.328232,-0.400177,-0.174000,-0.434573,0.132555
0.354782,-0.393860,-0.420242,-0.258480,-0.377016,0.146977
0.498932,-0.561569,-0.408279,0.323987,-0.136735,-0.020362
0.537506,-0.651672,-0.694626,0.289066,-0.202257,-0.223695
0.498734,-0.786682,-0.956314,-0.265956,-0.641921,-0.008414
0.510178,-0.726501,-0.787369,-0.626899,-0.646215,0.151838
0.539917,-0.619125,-0.571045,0.016594,-0.204163,0.021152
0.567001,-0.719193,-0.811310,0.269002,0.045476,-0.106992
0.512344,-0.764236,-0.888489,-0.034874,-0.169063,-0.006680
0.533203,-0.707626,-0.818207,-0.385748,-0.281302,0.054253
0.544846,-0.669434,-0.657959,0.043186,-0.044201,-0.027831
0.509903,-0.695206,-0.774796,0.168137,0.186257,-0.080957
0.543716,-0.751678,-0.918198,0.067303,0.017800,0.023110
0.537262,-0.756866,-0.818497,0.021966,-0.008920,0.020820
0.568192,-0.817810,-0.902069,0.000499,0.037982,0.010324
0.600830,-0.877167,-0.969070,-0.023557,-0.070971,-0.044298
0.635529,-0.875046,-0.958771,-0.163387,-0.103044,-0.011073
0.619644,-0.854355,-0.920135,-0.111186,-0.057172,-0.035779
0.591293,-0.791946,-0.908096,-0.122293,-0.002729,-0.015152
0.539932,-0.744507,-0.866196,-0.099746,-0.013355,-0.005114
0.492493,-0.688782,-0.825226,-0.196384,-0.088058,0.030206
0.463074,-0.611298,-0.747024,-0.255669,-0.100943,0.021140
0.431152,-0.561768,-0.691681,-0.131954,-0.092363,-0.018384
0.407257,-0.555359,-0.672119,-0.158776,-0.083880,-0.031656
0.424362,-0.546021,-0.668945,0.008819,0.006943,-0.042816
0.431778,-0.523895,-0.644058,0.061016,0.025084,-0.067153
0.388779,-0.568375,-0.713272,0.013717,-0.037941,-0.082940
0.463333,-0.568619,-0.708191,-0.168678,-0.086001,-0.018868
0.422852,-0.547684,-0.697205,-0.115325,-0.040132,-0.048917
0.443115,-0.557693,-0.672516,-0.070369,0.033586,-0.020421
0.408157,-0.560623,-0.729050,-0.124119,-0.009179,-0.038686
0.446793,-0.580627,-0.747360,-0.179982,-0.060334,0.016076
0.421341,-0.576889,-0.689850,-0.119659,-0.030380,0.028141
0.413010,-0.551605,-0.695892,0.039445,0.151100,0.004989
0.385818,-0.582169,-0.804794,-0.066366,0.254475,-0.000720
0.495178,-0.566498,-0.766586,-0.045824,0.254643,0.074584
0.506409,-0.573517,-0.729385,0.062527,0.407265,0.050183
0.484467,-0.597733,-0.767166,0.120064,0.627056,0.027575
0.600357,-0.602051,-0.734634,0.465236,0.632799,0.065574
0.577667,-0.670135,-0.842407,0.287968,0.494099,0.150185
0.594849,-0.631500,-0.691330,0.136894,0.494998,0.137809
0.568176,-0.538116,-0.571259,0.475488,0.567656,0.028989
0.398224,-0.447845,-0.488541,0.304181,0.538617,-0.003604
0.266586,-0.256500,-0.331451,0.238412,0.414778,-0.011293
0.185394,-0.188858,-0.174240,0.201475,0.245295,0.081683
0.173431,-0.207306,-0.158798,0.192943,0.122733,0.151829
0.313049,-0.494186,-0.529709,-0.210381,-0.255883,0.410872
0.540878,-0.609207,-0.476135,-0.281360,-0.279773,0.235571
0.703796,-0.805527,-0.591812,0.148466,0.094520,-0.063890
0.679642,-0.787231,-0.684723,0.272622,0.279978,-0.212977
0.513748,-0.608429,-0.563690,0.044523,0.101613,-0.200267
0.332977,-0.411407,-0.341217,-0.174662,-0.092629,-0.130400
0.256897,-0.230927,-0.154495,-0.213164,-0.167253,-0.080512
0.141449,-0.094681,-0.144012,-0.061364,-0.144777,-0.119912
0.144501,-0.212280,-0.160721,-0.054651,-0.415637,-0.056259
0.333404,-0.465729,-0.581039,-0.433858,-0.589136,0.328029
0.535645,-0.541016,-0.341064,-0.134836,-0.207183,0.186875
0.557098,-0.615448,-0.539612,0.632309,0.070315,-0.129118
0.631393,-0.713409,-0.848251,0.254383,-0.278941,-0.138343
0.604263,-0.795395,-0.920044,-0.622030,-0.694300,0.113895
0.518509,-0.638977,-0.611740,-0.411439,-0.432707,0.116001
0.533371,-0.607376,-0.561920,0.287625,-0.052540,-0.047593
0.550537,-0.661438,-0.772766,0.090030,-0.060218,-0.055007
0.522812,-0.697678,-0.783829,-0.185610,-0.339827,0.035732
0.484344,-0.665344,-0.746552,-0.459167,-0.379534,0.052581
0.487030,-0.595215,-0.615753,0.033846,-0.184028,-0.052939
0.464890,-0.662567,-0.759537,0.048817,-0.095443,-0.043200
0.524826,-0.669937,-0.792145,0.052193,-0.109326,-0.052635
0.513733,-0.753494,-0.885086,0.030318,-0.115713,-0.033485
0.606537,-0.739105,-0.886551,0.042396,-0.005839,-0.048721
0.637558,-0.811554,-0.942352,0.113900,0.045412,-0.063626
0.634201,-0.831787,-0.976425,0.102019,0.120079,-0.064726
0.697281,-0.864334,-0.985077,-0.011169,0.011265,-0.004478
0.613403,-0.822998,-0.966553,-0.170960,-0.092387,-0.010229
0.561386,-0.752869,-0.885788,-0.168466,-0.150042,-0.033050
0.513306,-0.689773,-0.837051,-0.288820,-0.189572,-0.001668
0.476349,-0.620728,-0.777466,-0.245114,-0.160790,-0.036959
0.488541,-0.586853,-0.746674,-0.146908,-0.057197,-0.030803
0.429977,-0.571640,-0.709198,-0.032137,-0.017646,-0.049375
0.402374,-0.570648,-0.766602,-0.070125,-0.125413,-0.035520
0.415802,-0.566788,-0.778076,-0.300218,-0.330475,-0.034284
0.400879,-0.503555,-0.650452,-0.141752,-0.341096,-0.086059
0.390762,-0.537216,-0.720138,-0.088384,-0.276026,-0.117430
0.343811,-0.557831,-0.792389,-0.150865,-0.285560,-0.053624
0.382538,-0.521652,-0.793808,-0.241399,-0.289796,0.007657
0.366730,-0.494217,-0.697739,-0.109315,-0.098737,-0.014838
0.385712,-0.513031,-0.747040,0.031320,0.191559,-0.032095
0.350769,-0.506775,-0.743240,0.151145,0.288772,-0.026693
0.397537,-0.554092,-0.837296,-0.079707,0.287586,0.025519
0.442535,-0.532730,-0.798172,-0.043758,0.331320,0.003889
0.481674,-0.502472,-0.667160,0.286410,0.528915,-0.045504
0.468933,-0.576645,-0.813705,0.180478,0.671779,-0.043148
0.530838,-0.601364,-0.748886,0.394597,0.596362,0.019154
0.517044,-0.605713,-0.807999,0.285348,0.616546,0.028432
0.587967,-0.597427,-0.696381,0.329225,0.754272,0.056082
0.584015,-0.613983,-0.692032,0.634838,0.610561,0.066633
0.563110,-0.661102,-0.728760,0.306131,0.420380,0.089128
0.551834,-0.533554,-0.468353,0.229176,0.432994,0.030209
0.390915,-0.394211,-0.344223,0.290761,0.470238,-0.046839
0.241470,-0.281631,-0.289932,0.198762,0.292009,-0.032651
0.162338,-0.228104,-0.199814,-0.007792,-0.005663,0.062289
0.205048,-0.275207,-0.191238,-0.148695,-0.211334,0.250068
0.396393,-0.515045,-0.548767,-0.288979,-0.459919,0.318275
0.634186,-0.685608,-0.494415,-0.135100,-0.159440,0.052174
0.732483,-0.849808,-0.660858,0.405227,0.342178,-0.117948
0.703445,-0.771683,-0.701904,0.200570,0.312024,-0.160538
0.488647,-0.618652,-0.621506,-0.084809,0.054657,-0.145282
0.386032,-0.465439,-0.491608,-0.144550,-0.122302,-0.043878
0.333359,-0.337677,-0.252792,0.020154,0.042240,-0.004534
0.314194,-0.324890,-0.158707,0.220548,0.271734,-0.045024
0.255035,-0.218491,-0.258224,0.241299,0.151010,-0.135484
0.247253,-0.287811,-0.408585,-0.048203,-0.445494,-0.053651
0.330414,-0.379135,-0.466904,-0.708231,-0.854444,0.100020
0.389755,-0.443527,-0.355316,-0.252598,-0.609804,0.039584
0.532471,-0.560516,-0.480759,0.131413,-0.313983,0.001298
0.513779,-0.602280,-0.661057,0.216363,-0.278944,-0.123735
0.618561,-0.703201,-0.846054,-0.166261,-0.497842,-0.031729
0.569473,-0.715073,-0.781097,-0.452993,-0.598186,0.076946
0.536148,-0.651245,-0.701950,-0.353430,-0.496613,0.139991
0.509384,-0.626816,-0.754044,-0.197551,-0.378083,0.116548
0.501144,-0.634949,-0.727386,-0.199531,-0.286358,0.102468
0.498169,-0.625641,-0.790237,-0.102148,-0.242700,0.014997
0.453873,-0.640274,-0.844452,-0.189809,-0.240631,0.025815
0.499069,-0.604172,-0.789307,-0.073684,-0.200962,0.064111
0.461090,-0.589874,-0.749542,0.112517,0.008268,0.034455
0.471375,-0.620728,-0.773651,0.326148,0.242002,-0.025256
0.506744,-0.670944,-0.860565,0.353351,0.247334,-0.038976
0.495163,-0.721664,-0.928299,0.078741,0.058265,-0.022339
0.552277,-0.730606,-0.904480,-0.098601,-0.078291,0.067606
0.570877,-0.744904,-0.866180,-0.106057,-0.095382,0.060239
0.602631,-0.786087,-0.911819,-0.121775,-0.011183,0.024653
0.613220,-0.777420,-0.931137,0.008545,-0.026089,-0.023080
0.589783,-0.755142,-0.943253,-0.118414,-0.122304,-0.058609
0.533005,-0.736877,-0.959289,-0.281079,-0.186385,-0.014491
0.511459,-0.634384,-0.791473,-0.176196,-0.084944,-0.022177
0.484238,-0.565750,-0.726349,0.160787,0.050731,-0.094292
0.453476,-0.581665,-0.829514,-0.014505,0.021795,-0.074367
0.448090,-0.573410,-0.832047,-0.193248,-0.241670,0.039740
0.406876,-0.549194,-0.838608,-0.556552,-0.444683,0.064171
0.346100,-0.498978,-0.601685,-0.247438,-0.407064,0.054168
0.340500,-0.504166,-0.714691,-0.089798,-0.247017,-0.018059
0.350693,-0.532486,-0.796722,-0.135437,-0.255562,0.000860
0.336655,-0.506592,-0.782883,-0.125808,-0.293944,0.007902
0.342819,-0.511352,-0.767685,-0.154272,-0.217105,0.033411
0.318192,-0.492188,-0.735031,0.014159,-0.011022,0.037930
0.341400,-0.489746,-0.743912,0.207741,0.167298,0.021622
0.344406,-0.531311,-0.834793,0.081299,0.210925,0.023975
0.359024,-0.526398,-0.764969,0.014756,0.187479,0.069679
0.370331,-0.522964,-0.767227,-0.140472,0.274767,0.044338
0.363663,-0.520203,-0.717194,0.149258,0.404109,0.028645
0.429245,-0.566070,-0.821182,-0.004507,0.471223,0.052919
0.433945,-0.552170,-0.715027,0.254293,0.577009,0.009307
0.473785,-0.577362,-0.778091,0.288174,0.610058,-0.018645
0.503494,-0.598862,-0.727432,0.445834,0.626223,-0.013924
0.509216,-0.646378,-0.834305,0.218299,0.530077,0.034192
0.525177,-0.610077,-0.666702,0.322909,0.579281,0.046490
0.495667,-0.634705,-0.690475,0.462420,0.653006,0.035247
0.515259,-0.638306,-0.655106,0.421996,0.637031,0.067198
0.533539,-0.630295,-0.631958,0.481437,0.556002,0.066749
0.537979,-0.606049,-0.511230,0.430164,0.580411,0.025117
0.448975,-0.518860,-0.487549,0.397424,0.532263,-0.027175
0.276718,-0.391220,-0.358704,0.147266,0.186441,0.019646
0.172043,-0.303177,-0.273956,-0.123202,-0.098464,0.126601
0.185532,-0.312103,-0.160797,-0.003300,-0.090726,0.203960
0.317017,-0.477951,-0.439636,-0.015713,-0.137606,0.241975
0.554169,-0.702301,-0.619766,-0.144091,-0.201917,0.153462
0.718018,-0.866302,-0.643524,0.158946,0.045505,-0.040608
0.693069,-0.843307,-0.622070,0.366247,0.335758,-0.111845
0.562866,-0.722351,-0.701843,-0.001135,0.141243,-0.104729
0.439255,-0.563248,-0.485657,-0.176852,0.014215,-0.053504
0.359665,-0.483047,-0.276367,0.028642,0.189499,0.004376
0.373383,-0.408752,-0.255386,0.267087,0.404059,-0.052670
0.274719,-0.244308,-0.192627,0.379253,0.353747,-0.191315
0.212036,-0.226990,-0.270584,0.343852,-0.088918,-0.126958
0.254120,-0.464096,-0.312653,-0.336435,-0.453724,0.236162
0.409531,-0.539627,-0.441406,-0.294006,-0.252085,0.212556
0.610230,-0.548172,-0.209396,0.680032,0.196385,-0.068013
0.582520,-0.748596,-0.698547,0.364785,0.011331,-0.156992
0.622894,-0.759506,-0.671585,-0.054700,-0.425227,-0.052911
0.631714,-0.783386,-0.602753,-0.364632,-0.506316,0.091732
0.592438,-0.676514,-0.431824,0.157200,-0.226455,0.010097
0.613342,-0.721771,-0.569122,0.189099,-0.039799,-0.032734
0.628265,-0.791122,-0.663635,-0.074005,-0.259747,0.011238
0.563568,-0.759552,-0.582489,-0.209925,-0.324986,-0.002264
0.586823,-0.728180,-0.567596,-0.251735,-0.327203,-0.025211
0.572403,-0.718185,-0.526474,-0.032108,-0.215017,-0.048955
0.548889,-0.757172,-0.586136,0.017519,-0.089069,-0.045759
0.597260,-0.787766,-0.659760,-0.060467,-0.093382,-0.031532
0.586029,-0.797302,-0.693512,-0.214094,-0.132975,-0.015526
0.564438,-0.764572,-0.605835,-0.013427,-0.083819,-0.072980
0.611969,-0.799362,-0.719864,-0.002397,0.004709,-0.090100
0.636200,-0.840042,-0.691620,-0.059705,-0.045328,-0.009623
0.661163,-0.871979,-0.807968,-0.236900,-0.130847,-0.007221
0.716843,-0.852524,-0.696152,-0.186102,-0.017712,-0.010281
0.634735,-0.861649,-0.783112,-0.146819,-0.032667,-0.037552
0.623428,-0.824234,-0.725937,-0.135895,-0.069859,0.030629
0.564301,-0.758316,-0.756744,-0.313530,-0.180920,0.064466
0.582718,-0.643387,-0.571274,-0.221850,-0.081594,0.073824
0.514496,-0.636246,-0.638580,-0.026674,0.016645,0.022109
0.519608,-0.638001,-0.682785,-0.142481,-0.033580,0.037592
0.449753,-0.658051,-0.733994,-0.371249,-0.273729,0.098293
0.435089,-0.602936,-0.653549,-0.402650,-0.433779,0.105393
0.466888,-0.572372,-0.619537,-0.315401,-0.336726,0.046086
0.420136,-0.582428,-0.642654,-0.090088,-0.246063,-0.073853
0.404083,-0.607590,-0.679840,-0.130114,-0.284347,0.006659
0.434219,-0.598068,-0.725128,-0.263584,-0.406015,0.049695
0.403717,-0.581833,-0.692566,-0.323906,-0.334620,0.036313
0.418076,-0.564102,-0.671936,-0.118398,-0.138153,0.016686
0.400803,-0.584030,-0.726181,-0.076302,-0.060226,0.018278
0.417725,-0.590134,-0.770676,-0.224666,-0.084857,0.043802
0.411652,-0.591110,-0.696304,-0.225015,-0.063470,0.068192
0.425201,-0.579941,-0.780319,-0.331103,-0.101035,0.007459
0.417145,-0.577713,-0.735672,-0.304752,-0.135055,0.054313
0.426666,-0.531296,-0.724442,-0.284611,-0.174606,0.005705
0.420074,-0.520996,-0.712891,-0.308056,-0.054120,-0.018640
0.419510,-0.517075,-0.709503,-0.054960,0.145586,-0.042082
0.441635,-0.526489,-0.741241,0.038681,0.285485,-0.019282
0.406265,-0.579346,-0.825897,0.014796,0.337754,-0.011640
0.459930,-0.564911,-0.805603,-0.029794,0.359088,0.009050
0.513580,-0.542740,-0.722534,0.144252,0.486197,-0.000364
0.538864,-0.589462,-0.793564,0.202003,0.529012,0.040471
0.526672,-0.622650,-0.792709,0.195567,0.432983,0.038431
0.528610,-0.615860,-0.728439,0.233422,0.398867,0.036058
0.548569,-0.561996,-0.631882,0.555783,0.368186,0.006713
0.487091,-0.488113,-0.639374,0.272410,0.312329,-0.046054
0.347824,-0.356094,-0.454025,0.011264,0.086928,-0.064198
0.314117,-0.294525,-0.349091,-0.027286,-0.180787,-0.008582
0.280197,-0.307251,-0.344254,-0.094711,-0.065572,0.021365
0.356155,-0.349121,-0.295242,0.449561,0.004333,0.036026
0.456558,-0.480911,-0.571732,0.244463,-0.018292,0.024439
0.496170,-0.606567,-0.569824,0.180061,-0.047373,-0.081004
0.524048,-0.718552,-0.701508,0.135057,-0.032530,-0.107426
0.496796,-0.710998,-0.655228,-0.006840,-0.043286,-0.080943
0.398361,-0.698288,-0.611572,-0.085326,0.010081,-0.032072
0.360336,-0.689804,-0.567413,0.026937,0.108353,-0.026767
0.400345,-0.664474,-0.586304,0.090224,0.072053,-0.070658
0.345764,-0.681107,-0.642624,-0.123361,-0.096610,-0.015010
0.390335,-0.664429,-0.574295,-0.098010,-0.173167,0.103175
0.475143,-0.620956,-0.667953,0.024971,-0.180791,-0.036973
0.497528,-0.633682,-0.684128,0.163223,-0.133562,0.041142
0.541809,-0.476639,-0.623428,0.058798,-0.068329,0.166809
0.399139,-0.614883,-0.676498,0.009352,0.033853,0.071623
0.571274,-0.560257,-0.671432,0.035351,0.193898,0.064465
0.548340,-0.586899,-0.707748,0.023379,0.158691,0.071227
0.529770,-0.535431,-0.659500,-0.162672,0.043170,0.012782
0.509262,-0.486420,-0.613220,-0.150376,0.005023,0.136767
0.407394,-0.805695,-0.636475,-0.358601,0.199411,0.343295
0.592728,-0.567657,-0.692490,0.063361,0.294377,0.144991
0.587860,-0.565689,-0.759262,0.073722,0.156668,0.101835
0.568359,-0.577545,-0.702103,-0.212874,-0.086810,0.126553
0.498795,-0.546478,-0.623947,-0.227433,-0.127292,0.163391
0.533844,-0.615112,-0.623230,0.002494,0.057678,0.250374
0.516632,-0.618286,-0.652206,0.031219,0.167499,0.204205
0.475113,-0.593185,-0.670944,0.015347,0.033927,0.106012
0.436142,-0.612869,-0.750870,-0.372725,-0.106175,0.123994
0.483368,-0.557632,-0.608108,-0.278977,-0.035637,0.140187
0.460480,-0.565079,-0.619171,0.000178,0.144873,0.107626
0.477051,-0.595123,-0.668961,-0.021592,0.165146,0.118926
0.474060,-0.643478,-0.753098,-0.153480,0.080748,0.126096
0.468399,-0.622498,-0.676346,-0.204052,0.064669,0.111814
0.449371,-0.612152,-0.654282,-0.105072,0.124413,0.063842
0.443665,-0.610794,-0.666534,-0.074477,0.147865,0.039199
0.448364,-0.605331,-0.653824,-0.066796,0.114785,0.031133
0.434753,-0.614471,-0.630173,-0.004512,0.097676,-0.018383
0.645981,-0.639175,-0.693893,-0.093817,0.070864,-0.043679
0.455276,-0.571732,-0.663040,-0.073065,-0.020898,-0.058352
0.461929,-0.582108,-0.614716,-0.000604,-0.054976,-0.063555
0.483643,-0.674347,-0.636551,-0.093967,0.005962,0.044050
0.471283,-0.522476,-0.595245,0.060041,-0.025982,0.002157
0.467789,-0.610092,-0.575623,-0.025597,-0.075097,0.023319
0.509262,-0.513199,-0.608292,-0.003448,-0.174370,-0.013766
0.484299,-0.603592,-0.628922,-0.109487,-0.184053,-0.001922
0.488052,-0.612488,-0.647324,-0.062691,-0.146714,-0.026568
0.490723,-0.586777,-0.665848,0.042605,-0.110414,-0.062370
0.489548,-0.596161,-0.683365,-0.021142,-0.112606,-0.061959
0.494064,-0.593262,-0.690109,-0.117125,-0.131927,-0.073479
0.499466,-0.572098,-0.662338,-0.055102,-0.131925,-0.104978
0.444519,-0.654510,-0.713638,-0.202324,-0.132028,-0.084054
0.438553,-0.547638,-0.696472,-0.185803,-0.143792,-0.106247
0.448959,-0.500259,-0.616592,-0.063849,-0.123387,-0.097679
0.449448,-0.504639,-0.615112,-0.006523,-0.135078,-0.102269
0.429779,-0.563492,-0.729660,-0.223165,-0.213086,-0.060704
0.451553,-0.561569,-0.741486,-0.362266,-0.279403,-0.078516
0.456467,-0.590057,-0.704346,-0.369479,-0.273056,-0.103345
0.447708,-0.565781,-0.714279,-0.157293,-0.250510,-0.134585
0.431396,-0.550140,-0.772995,-0.245898,-0.275131,-0.133083
0.403595,-0.517685,-0.791046,-0.286031,-0.353029,-0.120710
0.371124,-0.477371,-0.730820,-0.323883,-0.303984,-0.118540
0.307602,-0.435074,-0.790833,-0.379168,-0.196103,-0.030436
0.344284,-0.343216,-0.988083,0.294850,0.190921,0.049092
0.061264,-0.176605,-1.101562,0.077840,0.012369,-0.034619
0.333633,-0.112350,-0.944504,-0.402484,-0.065576,0.164982
0.562134,0.095505,-0.517395,0.321749,-0.051218,0.060034
0.461639,-0.104324,-0.682068,0.302789,0.027492,-0.051675
0.422745,-0.346115,-0.664108,0.006166,0.020893,-0.008685
0.515671,-0.470291,-0.680817,-0.027757,-0.006664,0.098569
0.468063,-0.442307,-0.845184,-0.047062,-0.015242,0.088813
0.416519,-0.495743,-0.868271,-0.425519,-0.172388,0.114631
0.386673,-0.425339,-0.825119,-0.452602,-0.256837,0.044640
0.413925,-0.441696,-0.805664,-0.417368,-0.309175,-0.001497
0.389420,-0.411865,-0.782761,-0.417429,-0.375310,0.003653
0.352631,-0.335281,-0.830750,-0.517290,-0.360407,0.036696
0.340652,-0.335709,-0.818771,-0.504086,-0.322019,0.019182
0.965469,-0.594742,-1.164932,0.086100,0.254457,-0.087013
0.325973,-0.454590,-0.800705,-0.581223,-0.407530,-0.025593
0.689926,-0.681061,-0.986603,-0.516075,0.012981,0.022214
0.234131,-0.595505,-0.837372,0.737507,0.002245,-0.080953
0.167328,-0.456741,-0.766251,0.629628,0.291392,-0.019374
0.380188,-0.440887,-0.815445,0.551840,0.382002,-0.020320
0.383575,-0.406342,-0.755615,0.508814,0.327525,-0.032951
0.387802,-0.361130,-0.846176,0.279574,0.179038,-0.016353
0.372009,-0.414200,-0.831223,0.232759,0.139418,-0.066760
0.394653,-0.418060,-0.834259,0.008264,0.062358,-0.081069
0.391312,-0.470215,-0.831268,0.020678,-0.032658,-0.117246
0.387238,-0.437485,-0.891281,-0.071183,-0.099953,-0.114151
0.384888,-0.419296,-0.868973,-0.229560,-0.157775,-0.144079
0.383469,-0.403046,-0.844208,-0.217878,-0.200564,-0.205611
0.399597,-0.368179,-0.813858,-0.148369,-0.184699,-0.308037
0.386124,-0.376831,-0.861267,-0.122341,-0.160304,-0.391738
0.374069,-0.335358,-0.851822,-0.102581,-0.157280,-0.490246
0.384186,-0.364197,-0.865219,-0.104591,-0.184131,-0.576807
0.398544,-0.375671,-0.839157,-0.105158,-0.205693,-0.689160
0.377533,-0.383087,-0.844833,0.079138,-0.171618,-0.810955
0.388077,-0.307465,-0.841934,0.175135,-0.086307,-0.877524
0.380798,-0.307037,-0.847397,0.329159,-0.043417,-0.845299
0.434418,-0.414261,-0.865753,0.222426,-0.161515,-0.630396
0.436356,-0.455322,-0.952271,-0.184166,-0.379951,-0.295168
0.401871,-0.439743,-1.010773,-0.613398,-0.713632,0.038099
0.320251,-0.439606,-1.099213,-1.094085,-1.029439,0.266523
0.302322,-0.356506,-1.129883,-1.059335,-1.094357,0.331029
0.164154,-0.451157,-1.226776,-1.486887,-0.888903,0.309773
0.086746,-0.294922,-0.950455,-1.374478,-0.947784,0.154080
-0.077393,0.054520,-0.401962,-0.810666,-1.051316,-0.140936
-0.523560,0.036438,-0.157898,0.531607,-0.090379,-0.950832
-0.464676,-0.135147,-0.250977,2.160023,0.353890,-2.049100
-0.516968,-0.320114,-0.328751,3.438711,0.018210,-2.471711
-0.437698,-0.327728,-0.404373,2.073800,-0.911980,-2.276025
-0.262436,-0.239838,-0.386200,2.485719,-2.084868,-1.595576
-0.171997,-0.360016,-0.528061,2.328772,-2.795960,-0.191463
-0.129761,-0.491257,-0.631226,2.099271,-3.310640,1.298346
-0.346588,-0.539612,-1.048813,2.328935,-3.352568,2.628248
-0.578400,-0.869873,-0.986511,3.492339,-2.910508,3.318421
-0.983871,-1.605347,-1.147476,3.599786,-2.044792,3.501426
-0.830002,-1.571777,-1.291122,2.235652,-1.080797,2.854110
-0.544586,-1.539200,-0.924973,2.346151,-0.683559,1.911587
-0.329819,-1.412109,-0.611298,1.416227,-1.017964,1.058437
-0.282471,-1.198761,-0.726410,-0.721206,-1.333920,0.411823
-0.418640,-1.003067,-0.783569,-2.081317,-1.040788,-0.129137
-0.574646,-0.770004,-0.644501,-1.214439,-0.560837,-0.624726
-0.723953,-0.829865,-0.569351,-0.135336,-0.194451,-0.923467
-0.861923,-0.952423,-0.611191,-0.434539,0.447959,-1.240762
-0.839752,-0.745743,-0.272552,0.167756,0.425905,-1.355144
-0.838501,-0.619156,-0.154556,0.444052,0.347110,-1.411189
-0.810501,-0.540466,-0.138229,0.696590,0.285818,-1.239245
-0.748001,-0.511887,-0.120255,0.756380,0.183250,-0.806063
-0.654190,-0.614273,-0.229980,0.479608,0.273393,-0.411213
-0.572769,-0.590591,-0.291519,0.187978,0.324621,-0.263798
-0.609009,-0.067810,-0.677399,0.684436,1.039815,0.220362
-0.585464,-0.663589,-0.409836,0.590903,1.119828,0.263359
-0.589081,-0.879044,-0.263840,0.147278,0.975015,0.084509
-0.571671,-0.887161,-0.246017,-0.345475,0.963275,-0.212452
-0.538559,-0.803406,-0.273911,-0.551033,1.073768,-0.345907
-0.437805,-0.722031,-0.389801,-0.549418,1.023703,-0.306626
-0.485352,-0.787994,-0.604568,-1.040248,1.104053,-0.435285
-0.482544,-0.952850,-0.756485,-1.822776,1.351474,-0.642213
-0.404511,-0.798904,-0.876312,-2.411441,1.552678,-0.577206
-0.361755,-0.603821,-0.882431,-1.748970,1.630252,-0.517386
-0.281754,-0.701721,-0.830780,-1.743217,1.594086,-0.465368
-0.202377,-0.693893,-0.788635,-2.304846,1.372835,-0.396729
-0.137497,-0.668686,-0.765762,-2.749223,1.108029,-0.291925
-0.053970,-0.578445,-0.721802,-2.938798,0.811483,-0.175362
-0.022827,-0.597443,-0.731964,-3.385259,0.501857,-0.075360
-0.015823,-0.412949,-0.773666,-3.340555,0.264233,0.051560
-0.061417,-0.219849,-0.749557,-2.988747,0.060253,0.310107
-0.055984,-0.088562,-0.870499,-2.038621,-0.039647,0.581299
-0.070908,-0.005692,-0.936157,-1.301195,-0.000619,0.536241
-0.013397,0.032639,-0.914886,-0.940907,0.011237,0.422011
0.064407,0.020798,-0.896576,-0.886198,-0.104941,0.450931
0.084534,0.130615,-0.884338,-0.680719,-0.307326,0.514784
0.054062,0.138351,-0.883392,-0.286744,-0.458544,0.465248
0.031586,0.163376,-0.989929,-0.071119,-0.551088,0.497755
-0.006454,0.175064,-0.976929,-0.065169,-0.519002,0.534945
-0.022171,0.268021,-0.993469,0.186865,-0.502649,0.588955
-0.016052,0.287201,-1.042572,0.549015,-0.424299,0.647650
-0.062561,0.194489,-1.035309,0.337259,-0.351649,0.799942
-0.047012,0.234482,-0.968964,-0.034758,-0.268434,0.978243
-0.125565,0.333099,-0.987000,0.339259,-0.384240,1.040659
-0.044525,0.057068,-1.033722,-0.244762,-0.323751,1.161174
-0.066254,0.273209,-1.001480,0.329510,-0.338219,1.118258
-0.092957,0.142014,-0.997711,0.131333,-0.286217,1.074673
-0.096619,0.215897,-1.028122,0.361726,-0.288475,0.902360
-0.142578,0.192749,-0.973312,0.071810,-0.160828,0.851433
-0.144440,0.178085,-0.976715,0.176864,-0.154212,0.909335
-0.182510,0.118698,-0.949921,0.134905,-0.078531,0.896097
-0.195190,0.177979,-0.902573,0.259687,-0.137165,0.858525
-0.221924,0.155380,-0.916565,-0.078795,-0.136679,0.729347
-0.216522,0.149551,-0.915497,-0.380074,-0.278881,0.721485
-0.174438,0.200638,-0.946579,0.021769,-0.418250,0.726582
-0.187271,0.175140,-1.032883,0.391216,-0.190796,0.649344
-0.170151,0.160889,-1.057404,0.716877,0.096130,0.459296
-0.082138,0.271729,-0.926773,0.104656,-0.016680,0.360792
-0.196686,0.146866,-0.958984,0.036364,-0.098866,0.378275
-0.142868,0.233078,-0.993362,0.087282,-0.067894,0.367703
-0.123001,0.204514,-0.971085,-0.237882,-0.088638,0.290423
-0.117157,0.242752,-0.942841,0.016550,-0.126874,0.251854
-0.138596,0.238724,-0.952911,0.027568,-0.142745,0.313319
-0.154266,0.219940,-0.984756,-0.008657,-0.063904,0.276504
-0.150055,0.244614,-0.943375,0.106571,-0.029755,0.225824
-0.154388,0.229462,-0.946335,0.279475,-0.042397,0.222504
-0.148773,0.195786,-0.954437,0.159317,-0.062749,0.239698
-0.147217,0.194778,-0.959274,0.030272,-0.049087,0.197361
-0.156372,0.170334,-0.966171,0.159819,-0.067089,0.204360
-0.158859,0.138962,-0.990479,0.049928,-0.038431,0.182417
-0.154312,0.178574,-0.973953,0.152894,-0.038379,0.158863
-0.156525,0.160446,-0.986115,0.110768,-0.032020,0.158322
-0.140228,0.181870,-0.996124,0.048891,-0.053527,0.103225
-0.150528,0.190826,-0.966614,0.016834,-0.055740,0.078236
-0.154739,0.170746,-0.976379,0.042820,-0.064259,0.074338
-0.155609,0.166321,-0.983185,0.041573,-0.066371,0.086150
-0.160568,0.161179,-0.947723,0.005121,-0.040842,0.066113
-0.164307,0.158661,-0.958969,0.101135,-0.049265,0.075847
-0.156265,0.147400,-0.969040,0.032720,-0.066351,0.101069
-0.155640,0.158051,-0.979279,0.079289,-0.060989,0.092923
-0.160919,0.162369,-0.988129,0.042107,-0.035512,0.048206
-0.167816,0.157974,-0.986282,0.030648,-0.013175,0.017762
-0.174591,0.160828,-0.993210,0.095170,-0.033341,0.039106
-0.181183,0.139969,-0.976242,-0.006976,-0.014305,0.004496
-0.168106,0.171249,-0.969284,0.007037,-0.026024,0.006944
-0.175217,0.150665,-0.982498,0.007858,-0.037721,0.025342
-0.181274,0.164841,-0.974350,-0.050366,-0.014321,0.016898
-0.174362,0.159973,-0.976181,0.057515,-0.009927,0.027668
-0.175308,0.154602,-0.977158,-0.001222,-0.001397,0.055875
-0.173996,0.156631,-0.966919,-0.016088,-0.008912,0.037580
-0.166962,0.168747,-0.979965,0.033388,-0.019505,0.053270
-0.167603,0.161499,-0.968765,-0.032200,-0.026011,0.031191
-0.183563,0.150146,-0.982620,-0.094912,-0.005793,0.034540
-0.186920,0.160065,-0.957397,0.021976,-0.008912,0.019758
-0.184601,0.149200,-0.979233,0.019603,-0.018485,0.034875
-0.172028,0.166367,-0.969345,0.009578,-0.019519,0.056232
-0.173035,0.169785,-0.968384,0.079896,-0.016265,0.049444
-0.165833,0.162842,-0.988708,0.028200,-0.000336,0.037948
-0.168549,0.154678,-0.969742,0.015602,0.013471,0.011889
-0.175720,0.149200,-0.981522,0.013427,-0.008935,0.013228
-0.182159,0.144348,-0.976746,-0.044662,0.001646,-0.004698
-0.173233,0.142380,-0.981949,-0.017368,-0.005837,-0.024687
-0.175201,0.139954,-0.981491,-0.045498,0.013345,-0.022024
-0.170959,0.158051,-0.973679,-0.027255,0.022978,-0.013374
-0.179352,0.171677,-0.973358,-0.037008,0.016574,-0.011248
-0.177307,0.146332,-0.973267,-0.005623,0.025132,-0.015308
-0.161743,0.170792,-0.968704,0.028700,0.015598,0.002351
-0.174042,0.158112,-0.964478,-0.037313,0.039022,0.009912
-0.161392,0.159164,-0.956985,-0.011328,0.030504,0.006014
-0.170059,0.158585,-0.968323,0.012451,0.032660,0.005172
-0.168945,0.152191,-0.975098,0.013669,0.011303,-0.004193
-0.160919,0.149216,-0.985672,0.014325,0.020964,0.025721
-0.143936,0.178574,-0.977676,0.046761,0.012455,0.024037
-0.157761,0.162979,-0.970566,0.056452,0.005002,0.026386
-0.151978,0.198105,-0.969574,0.056862,-0.000390,-0.002502
-0.175690,0.133133,-0.980515,-0.085722,0.019741,-0.004310
-0.163406,0.158966,-0.985245,-0.084992,0.016592,0.020411
-0.168900,0.154129,-0.978500,-0.020179,0.005983,0.021248
-0.156647,0.175110,-0.980789,-0.046257,0.008116,0.031667
-0.150986,0.178146,-0.966599,-0.369809,-0.162973,-0.005024
-0.186676,0.197662,-0.948715,0.221961,-0.025806,0.011423
-0.165924,0.104721,-1.003159,0.216714,0.108745,0.075052
-0.184311,0.082855,-0.985397,-0.046073,0.138400,0.093265
